Name,License Number,Address,Start of Validity,End of Validity,Latitude,Longitude
"""MA-MA-LA"" Bt.",DKE1700000071,"1031 Budapest, Nánási út 24/A.",2024.05.24,2033.06.30,47.5715233,19.0617988
"""PAUL"" Kiskereskedelmi Bt.",DKE1600000043,1071 Budapest 07. ker. Rottenbiller utca 49.,2013.07.01,2033.06.30,47.5067038,19.0727291
"""REMYVERA"" kereskedelmi és Szolgáltató Bt.",DKE1600000034,1157 Budapest 15. ker. Zsókavár utca 43-47 fszt,2013.07.01,2033.06.30,47.5401922,19.1435985
1x1x1 Bt.,DKE1010000313,1113 Budapest 11. ker. Villányi út 6.,2013.07.01,2033.06.30,47.4777105,19.045125
1x1x1 Bt.,DKE1010000314,1115 Budapest 11. ker. Etele tér gyalogos aluljáró 128/20,2013.07.01,2033.06.30,,
2Bacco Bt.,DKE1700000172,"1028 Budapest, Hidegkúti út 76/A.",2023.04.26,2033.06.30,47.5520978,18.9643138
Abullding Pipa Bt,Dke1010000207,1211 Budapest 21. ker. Karácsony Sándor utca 10/A.,2013.07.01,2033.06.30,47.4272208,19.0688639
Abullding Pipa Bt,DKE1010000269,1214 Budapest 21. ker. II. Rákóczi Ferenc utca 142.,2013.07.01,2033.06.30,47.4603647,19.2325286
Abullding Pipa Bt,DKE1010000289,1211 Budapest 21. ker. II. Rákóczi F. utca 154-170 (Csepel Pláza),2013.07.01,2033.06.30,,
Abullding Pipa Bt,DKE1010000297,1213 Budapest 21. ker. Szent László utca 115.,2013.07.01,2033.06.30,47.4071628,19.0795081
Abullding Pipa Bt.,DKE1010000210,"1212 Budapest, Szent István út 73.",2023.05.12,2033.06.30,47.416282,19.0781904
Abundantia Damavand Cigars Dohánytermékek Kereskedelmi Bt.,DKE1700000206,1025 Budapest 02. ker. Törökvész út 87-91.,2013.07.01,2033.06.30,47.5290176,19.005443
AC TRAFIK Bt.,DKE1010000053,"1094 Budapest, Tűzoltó utca 78-80.",2025.01.09,2033.06.30,47.4795967,19.0816106
AC TRAFIK Bt.,DKE1600000090,"1074 Budapest, Dohány utca 47.",2025.01.09,2033.06.30,47.4980154,19.0693919
AC TRAFIK Bt.,DKE1600000124,"1061 Budapest, Jókai tér 8.",2025.01.09,2033.06.30,47.5054724,19.0614947
AC TRAFIK Bt.,DKE1700000045,"1032 Budapest, Bécsi út 88-90.",2025.01.09,2033.06.30,47.5326132,19.0359307
AC TRAFIK Bt.,DKE1700000046,"1137 Budapest, Radnóti Miklós utca 38.",2025.01.09,2033.06.30,47.5161735,19.0497079
AG TRAFIK Bt.,DKE1600000047,"1065 Budapest, Podmaniczky utca 2.",2022.01.24,2033.06.30,47.5073144,19.05548
AG TRAFIK Bt.,DKE1600000054,"1156 Budapest, Páskomliget utca 49.",2022.01.24,2033.06.30,47.5474377,19.1354275
AG TRAFIK Bt.,DKE1600000087,"1086 Budapest, Diószeghy Sámuel utca 15.",2022.01.24,2033.06.30,47.4875463,19.0884333
AG TRAFIK Bt.,DKE1700000041,"1044 Budapest, Megyeri út 12. fszt. 9.",2022.01.24,2033.06.30,47.5797587,19.0879709
AG TRAFIK Bt.,DKE1700000044,"1133 Budapest, Gogol utca 23.",2022.01.24,2033.06.30,47.519899,19.0594288
Albert Kinga,DKE1010000178,"1119 Budapest,
 Etele 65. fszt. 4.",2019.01.25,2033.06.30,47.4638836,19.0309425
Alfa Trafik Bt.,DKE1600000155,"1101 Budapest, Hungária körút 5-7.",2023.02.17,2033.06.30,47.4909071,19.1095101
Alfa Trafik Bt.,DKE1700000127,"1042 Budapest, Rózsa utca 12.",2023.02.17,2033.06.30,47.5566193,19.1001477
Alfa Trafik Bt.,DKE1700000167,"1134 Budapest, Róbert Károly körút 38.",2023.02.17,2033.06.30,47.5311573,19.0695525
Almásháza ABC Kereskedelmi és Szolgáltató Bt.,DKE1600000024,1172 Budapest 17. ker. Almásháza utca 2.,2013.07.01,2033.06.30,47.4990909,19.2696063
Ambrus Ágnes Réka,DKE1600000009,1173 Budapest 17. ker. Borsó utca 64/B.,2013.07.01,2033.06.30,47.4797,19.2328
Andaro Bt,DKE1010000169,1118 Budapest 11. ker. Torbágy utca 7/A.,2013.07.01,2033.06.30,47.4707218,18.9983385
Annamari Trafik Bt.,DKE1010000217,"1196 Budapest, Nádasdy utca 115.",2026.01.26,2033.06.30,47.4432391,19.1394613
Annamari Trafik Bt.,DKE1010000223,"1195 Budapest, Batthyány utca 3.",2026.01.26,2033.06.30,47.4555859,19.1470656
Annamari Trafik Bt.,DKE1600000199,"1147 Budapest, Csömöri utca Bosnyák téri vásárcsarnok 9-11.",2026.01.26,2033.06.30,,
Arany Pipafüst Bt.,DKE1010000143,"1113 Budapest, Karolina út 17.",2026.04.02,2033.06.30,47.4819006,19.0299045
Arany Pipafüst Bt.,DKE1010000321,"1111 Budapest, Budafoki út 57/b.",2026.04.02,2033.06.30,47.476467,19.0531238
Arany Pipafüst Bt.,DKE1700000061,"1033 Budapest, Köles utca 1.",2026.04.02,2033.06.30,47.5570786,19.0445036
ASR Bt.,DKE1010000144,1214 Budapest 21. ker. Szent László utca 3.,2013.07.01,2033.06.30,47.5483692,18.9403122
Baár György,DKE1600000031,"1161 Budapest, Pálya utca 129.",2022.10.13,2033.06.30,47.5224119,19.1520058
Badacsonyi Zoltán,DKE1600000030,1158 Budapest 15. ker. Sztárai Mihály tér 4.,2013.07.01,2033.06.30,47.5393191,19.1289568
Bagó Centrum Bt,DKE1700000099,1035 Budapest 03. ker. Vörösvári út 43.,2013.07.01,2033.06.30,47.5459397,19.0338304
Bagó Trafik Bt.,DKE1600000126,1076 Budapest 07. ker. Thököly út 2.,2013.07.01,2033.06.30,47.5011277,19.0824969
Bagó Trafik Bt.,DKE1600000145,1144 Budapest 14. ker. Csertő utca 5-7.,2013.07.01,2033.06.30,47.5132355,19.1464618
Bagó Trafik Bt.,DKE1700000133,1042 Budapest 04. ker. Király utca 27/2.,2013.07.01,2033.06.30,47.5610041,19.0984368
Bagó-Ért Bt,DKE1600000234,1061 Budapest 06. ker. Teréz körút 56.,2013.07.01,2033.06.30,47.5090025,19.0576524
Bagóra Bt.,DKE1600000279,"1101 Budapest, Üllői út 112.",2024.02.19,2033.06.30,47.4728212,19.1105413
Bán Trafik Bt.,DKE1010000258,1182 Budapest 18. ker. Reviczky Gy. út 76.,2013.07.01,2033.06.30,,
Bán Trafik Bt.,DKE1700000138,1047 Budapest 04. ker. Baross utca 88.,2013.07.01,2033.06.30,47.4895207,19.0788966
Bármikor 71 Bt,DKE1700000123,1032 Budapest 03. ker. Szőlő utca 94.,2013.07.01,2033.06.30,47.5428488,19.0369693
Bármikor 71 Bt.,DKE1700000223,"1036 Budapest, Fényes Adolf utca 21-23.",2025.11.27,2033.06.30,47.5343485,19.0414899
Barna István,DKE1600000040,"1163 Budapest, Veres Péter út 43.",2025.11.06,2033.06.30,47.5091345,19.1804522
Beba Trafik Bt,DKE1600000314,1162 Budapest 16. ker. Szlovák út hrsz. 114749,2014.06.17,2034.04.07,,
Bedko Ker. és Szolg. Bt,DKE1600000014,1172 Budapest 17. ker. Ferihegyi út 39,2013.07.01,2033.06.30,47.4875021,19.2589167
Béke-Trafik Bt.,DKE1700000052,1131 Budapest 13. ker. Béke út 69/F20,2013.07.01,2033.06.30,47.4289141,19.2188614
Bényi Trafik Bt.,DKE1010000242,"1091 Budapest, Üllői út 143.",2023.11.07,2033.06.30,47.471381,19.1074553
BERNUS Bt.,DKE1010000009,"1203 Budapest, Kossuth Lajos utca 91.",2022.10.10,2033.06.30,47.4261408,19.0696678
Better Life Bt.,DKE1600000026,"1161 Budapest, Rákosi út 103.",2025.03.11,2033.06.30,47.5201425,19.1654288
Bident Dohány Bt,DKE1010000198,"1182 Budapest, Gyékény tér 1.",2024.11.15,2033.06.30,47.4313254,19.1963066
Bident Dohány Bt,DKE1010000267,"1181 Budapest, Gilice tér 49.",2024.11.15,2033.06.30,47.4327874,19.1819207
Bident Dohány Bt.,DKE1010000196,"1182 Budapest, Üllői út 379-381.",2026.08.06,2033.06.30,47.4460101,19.1705907
Bimba Tabak Bt.,DKE1700000168,1135 Budapest 13. ker. Béke út 13-19.,2013.07.01,2033.06.30,47.4289141,19.2188614
Bimba Tabak Bt.,DKE1700000211,1139 Budapest 13. ker. Balzac utca 8-10,2013.07.01,2033.06.30,47.5148938,19.057568
Bimba Tabak Bt.,DKE1700000212,"1132 Budapest, Nyugati tér 4.",2013.10.31,2033.06.30,47.5110792,19.0558212
Bodegita Tobacco Bt,DKE1700000075,1132 Budapest 13. ker. Országbíró utca 38-40.,2013.07.01,2033.06.30,47.5329369,19.0731419
Bodegita Tobacco Bt,DKE1700000085,1135 Budapest 13. ker. Kisgömb utca 14-16.,2013.07.01,2033.06.30,47.5243294,19.0851452
Bodicoop Bt.,DKE1010000013,1203 Budapest 20. ker. Téglagyár tér 7-9.,2013.07.01,2033.06.30,47.434918,19.0922613
Bodicoop Bt.,DKE1700000020,1132 Budapest 13. ker. Visegrádi utca 4.,2013.07.01,2033.06.30,47.5120822,19.0535489
Bodó Brigitta,DKE1010000019,1193 Budapest 19. ker. Üllői út 248/4,2013.07.01,2033.06.30,47.4528313,19.155764
Bodó Brigitta,DKE1010000025,1181 Budapest 18. ker. Havanna utca 13.,2013.07.01,2033.06.30,47.4424853,19.1672428
Bodó Gyula,DKE1010000021,"1191 Budapest, Kossuth tér piac 2. sz. üzlet",2021.11.22,2033.06.30,47.4586155,19.145076
Bopet Trafik Bt,DKE1010000206,"1214 Budapest, II. Rákóczi Ferenc út 277.",2025.03.07,2033.06.30,47.4009401,19.0510391
Bopet Trafik Bt,DKE1010000288,"1214 Budapest, Zrínyi utca 1/a",2025.03.07,2033.06.30,47.4177472,19.0653739
Bopet Trafik Bt,DKE1700000185,"1041 Budapest, Virág utca 7. fszt. Ü-7.",2025.03.07,2033.06.30,47.561166,19.0974334
Bopet Trafik Bt.,DKE1700000186,"1044 Budapest, Kemény Zsigmond utca 75836. hrsz.",2025.03.07,2033.06.30,47.576567,19.0808115
Borosi Tabak-Shop Bt,DKE1700000144,1028 Budapest 02. ker. Máriaremetei út 1.,2013.07.01,2033.06.30,47.5453281,18.9633231
Borosi Tabak-Shop Bt,DKE1700000145,1051 Budapest 05. ker. Váci utca 54,2013.07.01,2033.06.30,47.4902155,19.0555231
BRUCKER PLUSZ Bt.,DKE1010000027,"1223 Budapest, Jókai Mór utca 38.",2026.02.26,2033.06.30,47.4132706,19.016982
Buda Dohány Bt,DKE1010000145,1221 Budapest 22. ker. Ady Endre út 99.,2013.07.01,2033.06.30,47.4409278,19.0223912
Buda Dohány Bt,DKE1010000147,1225 Budapest 22. ker. Nagytétényi út 242.,2013.07.01,2033.06.30,47.3955426,18.9935488
Centrál Tabak Bt.,DKE1600000304,1082 Budapest 08. ker. Corvin köz 1.,2013.07.01,2033.06.30,47.4861623,19.0713676
Cigibolt Bt.,DKE1600000018,1102 Budapest 10. ker. Kőrösi Csoma Sándor út 6/E,2013.07.01,2033.06.30,47.4865004,19.1327222
CigiMarket Bt.,DKE1600000175,"1146 Budapest, Thököly út 150.",2025.06.04,2033.06.30,47.5172135,19.1082726
CigiMarket Bt.,DKE1700000018,"1037 Budapest, Bécsi út 265.",2025.06.04,2033.06.30,47.5817211,19.0018361
Cipido Trafik Bt.,DKE1700000103,1133 Budapest 13. ker. Véső utca 11.,2013.07.01,2033.06.30,47.5291495,19.0622055
Cipido Trafik Bt.,DKE1700000104,1035 Budapest 03. ker. Szentendrei út 34.,2013.07.01,2033.06.30,47.5486745,19.0428852
Csajszik Vend.Ker. és Szolg. Bt,DKE1700000047,1046 Budapest 04. ker. Erdősor utca 3-5,2013.07.01,2033.06.30,47.4163267,19.0614419
Csaszi Trafik Bt,DKE1700000193,1041 Budapest 04. ker. Templom utca 1.,2013.07.01,2033.06.30,47.5634698,19.0873865
CSERR-TRAFIK Bt.,DKE1600000079,"1173 Budapest, Újlak utca 9.",2023.03.14,2033.06.30,47.4808924,19.2398863
Cseszter- Dohány Bt,DKE1700000093,1027 Budapest 02. ker. Varsányi Irén utca 1.,2013.07.01,2033.06.30,47.5096143,19.0334503
CSÍKOSA TRAFIK Bt.,DKE1600000267,"1142 Budapest, Erzsébet királyné útja 125.",2023.08.11,2033.06.30,47.5345733,19.1132684
CSÍKOSA TRAFIK Bt.,DKE1700000131,"1033 Budapest, Miklós utca 5.",2023.08.11,2033.06.30,47.5430252,19.0427093
Csiszitipp Bt.,DKE1600000137,1163 Budapest 16. ker. Sashalmi tér 1.,2013.07.01,2033.06.30,47.5095091,19.1713614
CSITABAK Bt.,DKE1600000241,"1086 Budapest, Baross
 utca 129. földszint",2024.07.26,2033.06.30,47.4892113,19.0898498
CSITABAK Bt.,DKE1600000242,"1077 Budapest, Wesselényi utca 19.",2023.08.04,2033.06.30,47.4976471,19.0639595
CSITABAK Bt.,DKE1700000132,"1035 Budapest, Bécsi út 325-337.",2023.08.04,2033.06.30,47.5604405,19.0252138
Cukicigi Bt,DKE1010000060,1201 Budapest 20. ker. Vörösmarty utca 178,2013.07.01,2033.06.30,47.4274582,19.1125796
Cziegelmayer Anita,DKE1600000260,"1107 Budapest, Szállás utca 11/A.",2024.11.20,2033.06.30,47.4792036,19.1238492
Cziegelmayer Anita,DKE1600000280,1107 Budapest 10. ker. Bihari utca 7/A.,2013.07.01,2033.06.30,47.4738803,19.1162303
Dallos Klára Ágnes,DKE1600000049,"1141 Budapest, Vezér utca 74.",2023.07.26,2033.06.30,47.5133715,19.1366527
Dallos Klára Ágnes,DKE1600000050,"1141 Budapest, Hrsz. 31484/136.",2023.08.21,2033.06.30,,
Dallos Klára Ágnes,DKE1600000051,"1144 Budapest, Rákosfalva park 3.",2023.07.26,2033.06.30,47.5068921,19.1454745
Darabos Levente,DKE1600000095,1171 Budapest 17. ker. Nyomdász utca 1.,2013.07.01,2033.06.30,47.4615347,19.2988701
Dé-Es Tabak Bt,DKE1600000103,1173 Budapest 17. ker. Kis utca 3.,2013.07.01,2033.06.30,47.4824098,19.2388958
Deme-Kisker 2013 Bt,DKE1600000156,1108 Budapest 10. ker. Újhegyi sétány 12.,2013.07.01,2033.06.30,47.469415,19.1608772
Dident Tobacco Bt,DKE1010000213,1215 Budapest 21. ker. Ady Endre út 65,2013.07.01,2033.06.30,47.4348759,19.0791954
Dident Tobacco Bt,DKE1010000260,1214 Budapest 21. ker. II. Rákóczi Ferenc út 366.,2013.07.05,2033.06.30,47.3913741,19.0355084
Dident Tobacco Bt,DKE1010000272,1214 Budapest 21. ker. Nap utca 2.,2013.07.01,2033.06.30,47.4875908,19.0708697
Dident Tobacco Bt,DKE1010000273,1214 Budapest 21. ker. Vénusz utca 33.,2013.07.01,2033.06.30,47.4102595,19.0602443
Dident Tobacco Bt,DKE1010000276,1211 Budapest 21. ker. Mansfeld Péter utca 92.,2013.07.01,2033.06.30,47.4249249,19.0626917
Diego Trade Bt.,DKE1010000093,"1095 Budapest, Boráros téri  aluljáró alsó szint 12.",2022.12.21,2033.06.30,,
Diego Trade Bt.,DKE1010000123,"1114 Budapest, Bartók Béla út 49.",2022.12.21,2033.06.30,47.4783542,19.048213
Diego Trade Bt.,DKE1600000105,"1146 Budapest, Thököly út 117.",2022.12.21,2033.06.30,47.5134323,19.1027141
Diego Trade Bt.,DKE1700000098,"1134 Budapest, Dózsa György úti aluljáró Csat. Műv. telep",2022.12.21,2033.06.30,,
Dió Dohány Bt,DKE1600000179,1102 Budapest 10. ker. Kőrösi Csoma Sándor út 40.,2013.07.01,2033.06.30,47.4908162,19.1366942
DO & MA '96 Bt.,DKE1010000191,"1183 Budapest, Gyömrői út 174.",2024.07.26,2033.06.30,47.4529956,19.1953659
Dohány és Ital Shop Bt,DKE1700000080,1038 Budapest 03. ker. Hollós Korvin Lajos utca 6.,2013.07.01,2033.06.30,47.594613,19.0499451
DOHÁNY-ÁSZ Bt.,DKE1600000189,"1082 Budapest, Üllői út 54. földszint 4. ajtó",2025.01.15,2033.06.30,47.4838086,19.0757436
Dohány-Palota Bt,DKE1600000039,1152 Budapest 15. ker. Öregfalusi utca 2.,2013.07.01,2033.06.30,47.5642192,19.1209095
DOHÁNYÁRUDA Bt.,DKE1010000318,"1117 Budapest, Fehérvári út 24.",2024.08.05,2033.06.30,47.4737385,19.0465698
Domino Tabak Bt,DKE1600000092,1173 Budapest 17. ker. Pesti út 237/H.,2013.07.01,2033.06.30,47.4726751,19.2745993
Domino Tabak Bt,DKE1600000211,1161 Budapest 16. ker. János utca 196.,2013.07.01,2033.06.30,47.5340738,19.1599909
Domonkos Eszter Judit,DKE1600000110,1105 Budapest 10. ker. Gergely utca 2.,2013.07.01,2033.06.30,47.4803774,19.1342996
Domonkos László István,DKE1700000174,"1027 Budapest, Csalogány utca 55.",2024.10.18,2033.06.30,47.5083678,19.0282555
Domonkos Péter Pál,DKE1600000056,1104 Budapest 10. ker. Mádi utca 84.,2013.07.01,2033.06.30,47.4824431,19.1509589
Donászy Péter,DKE1600000148,1065 Budapest 06. ker. Nagymező utca 21.,2013.07.01,2033.06.30,47.5043038,19.0593386
Dopi Cigi Bt,DKE1700000164,1138 Budapest 13. ker. Váci út 187.,2013.07.01,2033.06.30,47.555377,19.0762014
Dopi Cigi Bt,DKE1700000165,1138 Budapest 13. ker. Népfürdő utca 15/A,2013.07.01,2033.06.30,47.529804,19.0588243
Dorkó Zsolt,DKE1600000322,1165 Budapest 16. ker. Veres Péter út 114.,2015.02.03,2034.10.30,47.5118517,19.1934083
Dostal Józsefné,DKE8110000147,"2040 Budaörs, Budapesti út 124.",2024.06.27,2033.06.30,47.462781,18.9798954
Dr. Guzmics Tibor,DKE1600000060,1171 Budapest 17. ker. Péceli út 207-209.,2013.07.01,2033.06.30,47.4878607,19.2876588
Drexler Tobacco Bt,DKE1010000103,1203 Budapest 20. ker. Ady Endre utca 68-70.,2013.07.01,2033.06.30,47.4400428,19.1023793
Drexler Tobacco Bt,DKE1010000105,1195 Budapest 19. ker. Ady Endre - Arany János utca sarka,2013.07.01,2033.06.30,,
Dudus Trafik Bt.,DKE1010000066,"1112 Budapest, Vőfély utca 1.",2015.09.16,2033.06.30,47.4615001,19.0150503
Dudus Trafik Bt.,DKE1010000069,1113 Budapest 11. ker. Bocskai   44.,2013.07.01,2033.06.30,47.4759614,19.0369197
Dukhan Team Bt.,DKE1600000272,"1071 Budapest, Damjanich utca 58.",2022.09.01,2033.06.30,47.5096493,19.0819096
Dukhan Team Bt.,DKE1600000273,"1077 Budapest, Dózsa György utca 54.",2022.09.01,2033.06.30,47.5888656,19.0440345
Éliás Gábor,DKE1010000023,1119 Budapest 11. ker. Fehérvári út 88/A.,2013.07.01,2033.06.30,47.4628354,19.0428768
Éliás Gábor,DKE8110000248,"2040 Budaörs, Budapesti út 61-63.",2022.10.03,2033.06.30,47.4621867,18.9710981
Elszívlak Bt.,DKE1010000330,"1184 Budapest, Kézműves utca 6.",2025.08.18,2034.10.28,47.4518,19.1685
Enzsöl Zsuzsanna,DKE1700000010,1041 Budapest 04. ker. Árpád-István út Metró aluljáró 1,2013.07.01,2033.06.30,,
Epres Gábor László,DKE1600000172,1171 Budapest 17. ker. Péceli út 126.,2013.07.01,2033.06.30,47.483953,19.2769877
Erdei János László,DKE1010000010,1204 Budapest 20. ker. Török Flóris   187/A.,2013.07.01,2033.06.30,47.4314733,19.1161685
Erdei János László,DKE1010000011,1204 Budapest 20. ker. Lázár utca 94.,2013.07.01,2033.06.30,47.4327293,19.1279227
Erős Dohány Bt,DKE1010000076,1221 Budapest 22. ker. Játék utca 2-12.,2013.07.01,2033.06.30,47.4280034,19.0400753
Ertinger Tiborné,DKE1010000075,1183 Budapest 18. ker. Széchenyi István utca 6.,2013.07.01,2033.06.30,47.4455801,19.1746661
Esze-Láng Bettina Anett,DKE1010000016,1188 Budapest 18. ker. Kisfaludy utca 112.,2013.07.01,2033.06.30,47.4041924,19.1987703
"ETA és KRISZTINA
 Kereskedelmi
 Betéti Társaság",DKE1700000049,"1022 Budapest, Bimbó
 út 45.",2024.11.21,2033.06.30,47.5166953,19.0248465
Faragó Trafik Bt,DKE1600000088,1105 Budapest 10. ker. Kápolna utca 15.,2013.07.01,2033.06.30,47.4817474,19.1310409
Faragó Trafik Bt,DKE1600000144,1173 Budapest 17. ker. Pesti út 159.,2013.07.01,2033.06.30,47.4796723,19.2516541
Faragóné Mandrik Andrea,DKE1600000316,1173 Budapest 17. ker. Jósika utca 42.,2014.10.07,2034.08.24,47.4571854,19.2326976
Fehér-Ifju Ivett,DKE1700000009,"1042 Budapest, Király utca 9.",2026.03.01,2033.06.30,47.5624578,19.0918893
Fehérfüst Bt,DKE1600000012,1157 Budapest 15. ker. Erdőkerülő utca 36.,2013.07.01,2033.06.30,47.5414584,19.1501685
Fekecs Róbert Imréné,DKE1600000037,1108 Budapest 10. ker. Újhegyi sétány 18.,2013.07.01,2033.06.30,47.4716073,19.1643636
Fekete 86 Dohány Bt.,DKE1600000135,1163 Budapest 16. ker. Thököly út 10.,2013.07.01,2033.06.30,47.5326523,19.1271539
Feld Tabak Bt,DKE1700000038,1025 Budapest 02. ker. Törökvész út 76.,2013.07.01,2033.06.30,47.5280668,19.0060817
Ferenczi Gyöngyi,DKE1600000055,1173 Budapest 17. ker. Flamingó utca 19.,2013.07.01,2033.06.30,47.4755062,19.2387402
Fibaroson Bt,DKE1700000227,1034 Budapest 03. ker. Kolosy tér 5-6,2013.07.01,2033.06.30,47.527824,19.0377723
Filtol Trafik Bt,DKE1010000106,"1112 Budapest, Balatoni út 1.",2025.01.23,2033.06.30,47.4533241,19.0073159
Filtol Trafik Bt,DKE1010000151,"1111 Budapest, Karinthy Frigyes út 12.",2025.01.23,2033.06.30,47.4772095,19.0502161
Fitti Tobacco Bt.,DKE1700000195,"1026 Budapest, Házmán utca 2.",2023.11.13,2033.06.30,47.5167026,18.9993492
Fitti Tobacco Bt.,DKE1700000196,"1036 Budapest, Bécsi út 37.",2023.11.13,2033.06.30,47.5276682,19.0376606
Flórián Tabak Bt.,DKE1700000055,"1033 Budapest, Miklós tér 4.",2023.04.28,2033.06.30,47.5454262,19.0451659
Flórián Tabak Bt.,DKE1700000056,"1033 Budapest, Flórián tér 6-9.",2023.04.26,2033.06.30,47.5424892,19.0405331
FM Tabak Bt,DKE1010000154,1221 Budapest 22. ker. Kossuth Lajos utca 25-29.,2013.07.01,2033.06.30,47.4265825,19.0385198
Fortuna Dohánybolt Bt,DKE1600000232,1164 Budapest 16. ker. Szabadföld út 19/B.,2022.11.17,2033.06.30,47.5189624,19.2166398
Fortuna Dohánybolt Bt,DKE1700000126,1032 Budapest 03. ker. Ágoston utca 1,2022.11.17,2033.06.30,47.5462719,19.0322125
FREEMIND TOBACCO Bt.,DKE1700000050,"1039 Budapest, Pünkösdfürdő utca 52.",2026.02.12,2033.06.30,47.5949367,19.0543316
Függőség Bt,DKE1700000141,1042 Budapest 04. ker. Petőfi u.- István utca sarok,2013.07.01,2033.06.30,,
Fumatore Bt,DKE1700000200,1133 Budapest 13. ker. Dráva utca 22.,2013.07.01,2033.06.30,47.5256912,19.0576618
Fumatore Bt,DKE1700000201,1134 Budapest 13. ker. Váci út 9-15.,2013.07.01,2033.06.30,47.517882,19.0607373
Fumatore Bt,DKE1700000202,1138 Budapest 13. ker. Dunavirág utca 2.,2013.07.01,2033.06.30,47.5353468,19.0604101
Fumo Gold Bt.,DKE1700000081,"1131 Budapest, Rokolya utca 1-13.",2022.11.25,2033.06.30,47.5420323,19.0879603
Füstölgő-trafik Bt,DKE1700000088,1044 Budapest 04. ker. Megyeri út 53.,2013.07.01,2033.06.30,47.5877017,19.0991988
Gallwitz-Pipa Ker. és Szolg. Bt,DKE1700000006,1053 Budapest 05. ker. Kecskeméti utca 1.,2013.07.01,2033.06.30,47.4905855,19.059212
Garinex-Trade Bt.,DKE1700000137,1042 Budapest 04. ker. Csányi László utca 9-11.,2013.07.01,2033.06.30,47.5588335,19.0840551
Gedi Trafik Bt,DKE1010000088,"1239 Budapest, Grassalkovich út 256.",2023.11.13,2033.06.30,47.3900194,19.1192228
Gedi Trafik Bt,DKE1010000114,"1182 Budapest, Királyhágó utca 64.",2023.04.26,2033.06.30,47.4243451,19.1218501
Gedi Trafik Bt.,DKE1010000095,"1188 Budapest, Nemes utca 51-53. B lház. földszint 1. ajtó",2023.12.15,2033.06.30,47.4111534,19.1973303
GEGO Cigarette Bt.,DKE1010000333,1094 Budapest 09. ker. Üllői út 89/a,2019.01.01,2033.06.30,47.4825529,19.07866
GEGO Cigarette Bt.,DKE1600000328,1084 Budapest 08. ker. Déri Miksa utca 1,2018.12.27,2033.06.30,47.4924638,19.0732929
GEGO Cigarette Bt.,DKE1700000181,1015 Budapest 01. ker. Fő utca 37/C.,2013.07.01,2033.06.30,47.5051805,19.0384162
GEGO Cigarette Bt.,DKE1700000220,"1013 Budapest 01. ker. Déli pályaudvar, peronszint, utca front",2013.07.01,2033.06.30,,
Gellért-Dohány Bt,DKE1010000130,1117 Budapest 11. ker. Kőrösy József utca 7-9.,2013.07.01,2033.06.30,47.4746656,19.0474113
GFAMILY TABAK Bt.,DKE1010000212,1091 Budapest 09. ker. Népliget gyalogos aluljáró 1.,2013.07.01,2033.06.30,,
Gfamily Tabak Bt.,DKE1010000298,"1098 Budapest, Dési Huber utca 20. fsz. 14.",2024.08.27,2033.06.30,47.468923,19.1108944
GFAMILY TABAK Bt.,DKE1600000285,1083 Budapest 08. ker. Práter utca 59.,2013.07.01,2033.06.30,47.4866847,19.0803044
GFAMILY TABAK Bt.,DKE1600000290,1087 Budapest 08. ker. Kerepesi út 1-5.,2013.07.01,2033.06.30,47.4986114,19.08391
GL Building Trafik Bt,DKE1700000225,1048 Budapest 04. ker. Csíkszentiván utca 6.,2013.07.01,2033.06.30,47.5969965,19.1209722
GL Building Trafik Bt,DKE1700000226,1041 Budapest 04. ker. Berzeviczy Gergely utca 17. A. ép.,2013.07.01,2033.06.30,47.5642636,19.0840235
Golido Bt.,DKE1010000098,1194 Budapest 19. ker. Szegfű utca 21,2013.07.01,2033.06.30,47.5475722,18.96854
Gyenes Tabak Bt.,DKE1700000033,"1032 Budapest, Gyenes utca 2.",2023.04.14,2033.06.30,47.5430121,19.0354204
Gyöngy&Gyöngy Bt,DKE1700000079,1046 Budapest 04. ker. Óceánárok utca 29,2013.07.01,2033.06.30,47.5789188,19.1096444
HADRON-LILO Bt.,DKE1010000334,"1113 Budapest, Villányi út 74. földszint 2. ajtó",2025.06.17,2033.06.30,47.4815567,19.0330592
Happy Trafik Bt.,DKE1700000065,1039 Budapest 03. ker. Jendrassik utca 2.,2013.07.01,2033.06.30,47.5993364,19.0483421
Három BM Market Bt.,DKE1700000003,"1041 Budapest, Bárdos
 Artúr utca 71422/9. hrsz.",2024.09.19,2033.06.30,47.5622592,19.1009287
Három BM Market ker Bt.,DKE1700000004,"1042 Budapest, Árpád út 56.",2024.09.19,2033.06.30,47.5608719,19.0861059
Háromtrafik Bt.,DKE1010000064,1224 Budapest 22. ker. Barackos út 1.,2013.07.01,2033.06.30,47.4043267,18.9910707
Háromtrafik Bt.,DKE1010000068,1225 Budapest 22. ker. Nagytétényi út 216.,2013.07.01,2033.06.30,47.3996829,19.0032993
Háromtrafik Bt.,DKE1010000070,"1223 Budapest, Rákóczi út 20/A.",2024.07.08,2033.06.30,47.4070466,19.0067084
Hauck Tobacco Bt.,DKE1010000182,1212 Budapest 21. ker. Görgey Artúr tér 1/A.,2013.07.01,2033.06.30,47.4227503,19.0696382
Hauck Tobacco Bt.,DKE1600000192,1072 Budapest 07. ker. Dob utca 28-30.,2013.07.01,2033.06.30,47.4992103,19.0623194
Hauck Tobacco Bt.,DKE1700000130,1137 Budapest 13. ker. Katona József utca 3. fszt.,2013.07.01,2033.06.30,47.5123597,19.0563856
Hegedüs Dóra Edit,DKE1600000163,1152 Budapest 15. ker. Szentmihályi utca 137.,2013.07.01,2033.06.30,47.510893,19.1473505
Hegyvidék Tabak Bt,DKE1010000033,1123 Budapest 12. ker. Csörsz utca 23-25.,2013.07.01,2033.06.30,47.4900555,19.0261459
Hegyvidék Tabak Bt,DKE1010000050,1125 Budapest 12. ker. Nógrádi utca 39.,2013.07.01,2033.06.30,47.5028523,19.0025859
Hegyvidék Tabak Bt,DKE1010000067,1121 Budapest 12. ker. Eötvös út 38/B,2013.07.01,2033.06.30,47.4994561,18.9719118
Herbi Tabak Bt,DKE1010000155,"1202 Budapest, Mártírok útja 205.",2024.07.03,2033.06.30,47.4359055,19.1323755
Héthéthét Dohány Bt.,DKE1010000132,1111 Budapest 11. ker. Szent Gellért tér 3.,2013.07.01,2033.06.30,47.4832037,19.0535088
Héthéthét Dohány Bt.,DKE1010000134,1191 Budapest 19. ker. Eötvös utca 1-3.,2013.07.01,2033.06.30,47.4599207,19.1432819
Héthéthét Dohány Bt.,DKE1600000178,1173 Budapest 17. ker. Pesti-501 utca Hrsz 120003,2013.07.01,2033.06.30,,
Hídfő Tabak Bt,DKE1700000035,1027 Budapest 02. ker. Margit körút 1.,2013.07.01,2033.06.30,47.514766,19.0378824
Holló Tabak Bt,DKE1010000047,1112 Budapest 11. ker. Péterhegyi lejtő 71.,2013.07.01,2033.06.30,47.4493651,19.0070159
Holló Tabak Bt,DKE1010000061,1093 Budapest 09. ker. Balázs Béla utca 34/6,2013.07.01,2033.06.30,47.4791651,19.0782647
Holló Tabak Bt.,DKE1600000011,"1147 Budapest, Zsolnay Vilmos utca 1. C lh. földszint 1-2. ajtó",2026.07.03,2033.06.30,47.5313197,19.1231944
Hor-Macz Bt,DKE1600000139,1156 Budapest 15. ker. Páskomliget utca 6.,2013.07.01,2033.06.30,47.5447408,19.1383038
HOTYADOHÁNY Bt.,DKE1010000090,"1237 Budapest, Ciklámen utca 3.",2025.10.02,2033.06.30,47.4162646,19.1302166
Hunters Tobacco Bt,DKE1600000220,"1149 Budapest, Nagy Lajos király útja 189.",2025.01.06,2033.06.30,47.5225588,19.1025001
Hunters Tobacco Bt,DKE1600000221,"1173 Budapest, Kaszáló utca 47.",2025.01.06,2033.06.30,47.481151,19.255627
Hunters Tobacco Bt,DKE1600000222,"1145 Budapest, Csömöri út 9-11.",2025.01.06,2033.06.30,47.5206429,19.1144849
Huntrafik Bt,DKE1700000023,1039 Budapest 03. ker. Mátyás király út 82,2013.07.01,2033.06.30,47.5848025,19.0605096
Indigó Trafik Bt.,DKE1600000174,"1146 Budapest, Thököly út 63.",2022.07.11,2033.06.30,47.5077371,19.0943639
Indigó Trafik Bt.,DKE1600000176,"1151 Budapest, Külső Fóti út 1.",2024.12.20,2033.06.30,47.5685386,19.1348325
Indigó Trafik Bt.,DKE1600000177,"1077 Budapest, Wesselényi utca 33.",2022.07.11,2033.06.30,47.4989856,19.0665116
Indigó Trafik Bt.,DKE1700000034,"1133 Budapest, Árbóc utca 6.",2022.07.11,2033.06.30,47.5316996,19.0647074
Ion Tibor Atila,DKE1600000239,1149 Budapest 14. ker. Mogyoródi utca 23-39.,2013.07.01,2033.06.30,47.5137369,19.1239873
Ion Tibor Atila,DKE1700000073,"1039 Budapest, Mátyás király út 1.",2024.07.29,2033.06.30,47.5859765,19.0452652
ITB Bravo Bt,DKE1600000112,1103 Budapest 10. ker. Óhegy utca 41.,2013.07.01,2033.06.30,47.4768435,19.1456522
Jáger trafik Bt,DKE1600000227,1143 Budapest 14. ker. Pillangó utca 22,2013.07.01,2033.06.30,47.5044123,19.1162373
Janitz Csabáné,DKE1010000005,1222 Budapest 22. ker. Verseci utca 4.,2013.07.01,2033.06.30,47.4161939,19.0269981
Jánosi Péter,DKE1010000071,1098 Budapest 09. ker. Pöttyös   6.,2013.07.01,2033.06.30,47.466874,19.1164353
Jászter Trafik Bt,DKE1600000247,1102 Budapest 10. ker. Kőrösi Csoma sétány 2.,2013.07.01,2033.06.30,47.4838298,19.1293222
Joker G&N Bt.,DKE1010000322,1092 Budapest 09. ker. Ráday utca 33/a.,2013.10.16,2033.06.30,47.4851755,19.0645611
Joker G&N Bt.,DKE1700000240,1024 Budapest 02. ker. Margit körút 95.,2013.07.26,2033.06.30,47.5078528,19.0256616
Józsa Csaba Trafik Bt.,DKE1700000142,"1013 Budapest, Alagút utca 5.",2021.12.20,2033.06.30,47.497006,19.0328585
Józsa Csaba Trafik Bt.,DKE1700000148,"1014 Budapest, Tárnok utca 26.",2021.12.20,2033.06.30,47.5012083,19.0337252
Józsa Csaba Trafik Bt.,DKE1700000149,"1053 Budapest, Ferenciek tere 7-8.",2021.12.20,2033.06.30,47.4927994,19.0563834
Kabát Henriett,DKE1010000127,1239 Budapest 23. ker. Grassalkovich út 176,2013.07.01,2033.06.30,47.3922938,19.1177761
Káldex Hungary Bt.,DKE1700000002,1035 Budapest 03. ker. Szentendrei út 12,2013.07.01,2033.06.30,47.5450196,19.0419726
Kári Zoltán Tobacco Bt,DKE1600000123,1103 Budapest 10. ker. Sibrik Mikós utca 30.,2013.07.01,2033.06.30,,
Kátai Tibor Jánosné,DKE1600000029,"1106 Budapest, Maglódi út 53. 2. épület 3. ajtó",2024.04.16,2033.06.30,47.4892867,19.1497592
Katra-Sala Kkt,DKE1700000090,1039 Budapest 03. ker. Pablo Neruda utca 1-2.,2013.07.01,2033.06.30,47.5967333,19.0496496
Kattra András,DKE1700000029,1044 Budapest 04. ker. Megyeri út 86-88.,2013.07.01,2033.06.30,47.5859634,19.0941844
Kazánkovács Bt.,DKE1700000139,1039 Budapest 03. ker. Hímző utca 12.,2013.07.01,2033.06.30,47.5968631,19.0591994
Kele Árpád,DKE1010000175,1203 Budapest 20. ker. Kossuth Lajos utca 99/B.,2013.07.01,2033.06.30,47.4389982,19.1050888
Kentaurus Gold Bt.,DKE1600000182,"1065 Budapest, Nagymező utca 14.",2023.09.15,2033.06.30,47.5028454,19.0608072
Keresztur Tabac Shop Bt,DKE1600000154,1172 Budapest 17. ker. Naplás út 11.,2013.07.01,2033.06.30,47.4926941,19.280262
KESZI TABAK-SHOP Bt.,DKE1010000085,"1119 Budapest, Tétényi út 63.",2024.12.09,2033.06.30,47.4642459,19.032762
KICSI-RÁCZ KERESKEDELMI BT.,DKE1600000017,1106 Budapest 10. ker. Gyakorló utca 36.,2013.07.01,2033.06.30,47.502288,19.1467572
Kimo Tabak Bt.,DKE1600000324,"1085 Budapest, József körút 66.",2022.07.14,2033.06.30,47.4879081,19.0707803
Kincsem Tabak-Shop Bt.,DKE1600000235,"1146 Budapest, Hungária körút 140-144.",2024.10.25,2033.06.30,47.5118459,19.0977494
Kincsem Tabak-Shop Bt.,DKE1600000236,"1161 Budapest, Rákosi út 116.",2024.10.25,2033.06.30,47.5216601,19.1680343
Király Tobacco Shop Bt.,DKE1010000110,"1191 Budapest, Kossuth tér villamos megálló",2022.11.11,2033.06.30,,
Kiscigaretta Bt.,DKE1700000140,"1027 Budapest, Bem József utca 9.",2023.10.17,2033.06.30,47.5119048,19.0347184
Kishunor Bt.,DKE1600000311,1148 Budapest 14. ker. Nagy Lajos király útja 100.,2013.12.02,2033.11.24,47.5141985,19.1200315
Kislutri Bt,DKE1600000213,1152 Budapest 15. ker. Régifóti út 30.,2013.07.01,2033.06.30,,
Kobabe Szivar Bt,DKE1600000206,1073 Budapest 07. ker. Wesselényi utca 45,2013.07.01,2033.06.30,47.5006416,19.0692562
Kobabe Szivar Bt,DKE1600000217,"1151 Budapest, 88195. hrsz.",2024.12.19,2033.06.30,47.4978789,19.0402383
Kobabe Szivar Bt,DKE1600000266,1067 Budapest 06. ker. Teréz körút 21.,2013.07.01,2033.06.30,47.5059925,19.0626501
Kobabe Szivar Bt,DKE1600000270,1071 Budapest 07. ker. Damjanich utca 11-15.,2013.07.01,2033.06.30,47.5062084,19.0759651
Koki Trafik Bt.,DKE1010000156,"1191 Budapest, Ady Endre út 42-44.",2022.11.25,2033.06.30,47.4604041,19.1327607
Koki Trafik Bt.,DKE1010000160,"1097 Budapest, Könyves Kálmán körút 12-14.",2022.11.25,2033.06.30,47.4708783,19.0841386
Koki Trafik Bt.,DKE1600000081,"1145 Budapest, Nagy Lajos király útja 210.",2022.11.25,2033.06.30,47.5220951,19.1027216
Kondás Orsolya,DKE1010000148,1116 Budapest 11. ker. Fehérvári út 45-47.,2013.07.01,2033.06.30,47.469461,19.044411
Kondás Orsolya,DKE1010000149,1119 Budapest 11. ker. Andor utca 2.,2013.07.01,2033.06.30,47.45574,19.03881
Kondás Zsolt Attila,DKE1600000102,1162 Budapest 16. ker. Rákosi út 265/B,2013.07.01,2033.06.30,47.522874,19.1709777
Korona Trafik Bt.,DKE1010000177,"1114 Budapest, Fehérvári út 13.",2023.08.30,2033.06.30,47.4757162,19.0467094
Korona Trafik Bt.,DKE1600000186,"1103 Budapest, Gyömrői út 76-80.",2023.08.30,2033.06.30,47.4660177,19.1482446
Korozmán Anikó,DKE1010000002,1225 Budapest 22. ker. Nagytétényi út 293.,2013.07.01,2033.06.30,47.3917626,18.9829234
Kovács Nikolett,DKE1600000002,1152 Budapest 15. ker. Fő út 2.,2013.07.01,2033.06.30,47.5682298,19.1256891
Kovi Tabak Bt.,DKE1010000104,1204 Budapest 20. ker. Radnó utca 2.,2013.07.01,2033.06.30,47.4413053,19.1333371
Kovi Tabak Bt.,DKE1010000112,"1182 Budapest, Cziffra György utca 15/B.",2022.07.07,2033.06.30,47.4325899,19.1783785
Kozmix Trafik Bt.,DKE1010000128,"1182 Budapest, Üllői út 745.",2013.07.01,2033.06.30,47.4294403,19.2165112
Krattinger András Attiláné,DKE1700000037,"1139 Budapest, Béke tér 10-11. földszint 6. ajtó",2024.07.11,2033.06.30,47.5311222,19.080786
Kremmer Sztár Bt.,DKE1600000019,"1171 Budapest, Zrínyi utca 86.",2025.07.18,2033.06.30,47.4482751,19.145685
Kremmer Sztár Bt.,DKE1600000023,"1105 Budapest, Körösi Csoma Sándor út 43.",2025.07.18,2033.06.30,47.4903057,19.137786
Kremmer Tabak Bt.,DKE1600000070,1152 Budapest 15. ker. Rákos út 84.,2013.07.04,2033.06.30,47.549914,19.1171355
Kremmer Tabak Bt.,DKE1600000075,1152 Budapest 15. ker. Rákos út 48.,2013.07.01,2033.06.30,47.5556593,19.1197676
Kremmer Tabak Bt.,DKE1600000078,"1081 Budapest, II. János Pál pápa tér 13.",2023.04.14,2033.06.30,47.4951669,19.0786954
Kremmer Tabak Bt.,DKE1600000080,1152 Budapest 15. ker. Töltés utca 4.,2013.07.01,2033.06.30,47.5736974,19.1209281
Kribaco Shop Bt,DKE1010000062,1204 Budapest 20. ker. Ady Endre utca 90/92.,2013.07.01,2033.06.30,47.4380558,19.1049051
Krila Trafik Bt,DKE1010000046,1222 Budapest 22. ker. Tóth József utca 49.,2013.07.01,2033.06.30,47.4221944,19.0363889
Krila Trafik Bt,DKE1010000058,1222 Budapest 22. ker. Gádor utca 128.,2013.07.01,2033.06.30,47.425383,19.0150821
Kriprint Bt,DKE1010000049,1224 Budapest 22. ker. Dózsa György út 29,2013.07.01,2033.06.30,47.5066582,19.0860698
KRISZTINA TABAK-SHOP Bt.,DKE1010000080,"1116 Budapest, Fehérvári út 192.",2023.05.18,2033.06.30,47.4436017,19.0373284
KRISZTINA TABAK-SHOP Bt.,DKE1700000074,"1013 Budapest, Krisztina körút 37.",2023.05.18,2033.06.30,47.4988446,19.0259049
Ksmith Cigarette Bt,DKE1700000222,1011 Budapest 01. ker. Batthyány tér HÉV végállomás 014445 hrsz.,2013.07.01,2033.06.30,,
Ksmith Cigarette Bt.,DKE1700000187,"1015 Budapest, Batthyány utca 1.",2024.01.05,2033.06.30,47.5069935,19.0378435
Ksmith Cigarette Bt.,DKE1700000198,"1011 Budapest, Fő utca 4. földszint",2024.10.15,2033.06.30,47.4989185,19.0400458
Kultúr Dohány Bt.,DKE1010000054,1181 Budapest 18. ker. Est utca 50.,2013.07.01,2033.06.30,47.4348016,19.17024
Kürcha Tobacco Bt,DKE1010000197,1237 Budapest 23. ker. Haraszti út 34-36,2013.07.01,2033.06.30,47.3934815,19.1157955
Kürcha Tobacco Bt,DKE1010000290,1237 Budapest 23. ker. Köves út 40.,2013.07.01,2033.06.30,47.4172056,19.1405493
Kürcha Tobacco Bt,DKE1600000185,1155 Budapest 15. ker. Kolozsvár utca 48-50.,2013.07.01,2033.06.30,47.5399026,19.1192238
Kürcha Tobacco Bt,DKE1600000200,1156 Budapest 15. ker. Nyírpalota utca 2.,2013.07.01,2033.06.30,47.539171,19.137763
Kürcha Tobacco Bt,DKE1600000205,1157 Budapest 15. ker. Páskomliget utca 26,2013.07.01,2033.06.30,47.5459702,19.1366544
Kut Tabak Bt,DKE1010000261,1121 Budapest 12. ker. Zugligeti út 58,2013.07.01,2033.06.30,47.5178584,18.9836098
Kut Tabak Bt,DKE1010000262,1125 Budapest 12. ker. Kútvölgyi út 12,2013.07.01,2033.06.30,47.5123729,19.0003334
Kut Tabak Bt,DKE1700000224,1025 Budapest 02. ker. Csatárka út 58.,2013.07.01,2033.06.30,47.5299602,19.0098972
Kuuba Trafik Bt.,DKE1010000234,"1118 Budapest, Rétköz utca 3.",2024.08.15,2033.06.30,47.47413,18.9962467
Kuuba Trafik Bt.,DKE1010000235,"1116 Budapest, Olajbogyó utca 3.",2024.08.15,2033.06.30,47.456627,19.0228244
Kuuba Trafik Bt.,DKE1600000248,"1146 Budapest, Dózsa György út 13.",2024.08.15,2033.06.30,47.5051185,19.0881425
Kuuba Trafik Bt.,DKE1600000249,"1148 Budapest, Vezér utca 129.",2024.08.15,2033.06.30,47.5183337,19.1296677
Kvintker Bt.,DKE1010000228,1117 Budapest 11. ker. Móricz Zsigmond körtér 9.,2013.07.01,2033.06.30,47.4767758,19.0462707
Kvintker Bt.,DKE1010000232,1117 Budapest 11. ker. Bercsényi utca 21/a,2013.07.01,2033.06.30,47.4759098,19.0502369
Kvintker Bt.,DKE1600000233,"1143 Budapest, Szobránc 20.",2021.04.12,2033.06.30,47.5058211,19.1033804
Kvintker Bt.,DKE1600000237,1149 Budapest 14. ker. Egressy   9/A,2013.07.01,2033.06.30,47.5066558,19.1053408
Kvintker Bt.,DKE1700000166,"1031 Budapest, Vízimolnár utca 8.",2022.08.17,2033.06.30,47.5688191,19.052863
Latif Trafik Bt,DKE1010000204,1111 Budapest 11. ker. Lágymányosi utca 16.,2013.07.01,2033.06.30,47.4775638,19.0532928
Latif Trafik Bt,DKE1010000331,1116 Budapest 11. ker. Fehérvári út 211.,2016.03.23,2033.06.30,47.4470136,19.0365659
Lavanderia Bt.,DKE1600000315,1173 Budapest 17. ker. Ferihegyi út 132.,2014.10.03,2034.09.04,47.4758244,19.2549415
Lendeczkiné Kővári Katalin Piroska,DKE1600000003,"1155 Budapest, Vasutastelep utca 5.",2013.07.01,2033.06.30,47.5418312,19.1203366
Lettrich Terézia Mária,DKE1700000007,1031 Budapest 03. ker. Keve utca 45/b,2013.07.01,2033.06.30,47.5760564,19.0582694
LG 23 Bt.,DKE1700000197,"1026 Budapest, Gábor Áron utca 74-78.",2026.08.03,2033.06.30,47.5225098,19.014741
LG 23 Bt.,DKE1700000199,"1031 Budapest, Mészkő utca 2-4.",2025.11.26,2033.06.30,47.5797528,19.0328633
LI-ZO-Tabak Bt,DKE1700000017,1132 Budapest 13. ker. Csanády utca 4/B,2013.07.07,2033.06.30,47.5160879,19.0581315
Liget Tabak-Shop Bt,DKE1010000222,1116 Budapest 11. ker. Kondorosi út 7.,2013.07.01,2033.06.30,47.4513971,19.03756
Liget Tabak-Shop Bt,DKE1010000225,1201 Budapest 20. ker. Vágóhíd utca 44.,2013.07.01,2033.06.30,47.4241337,19.1106953
Liget Trafik Bt.,DKE1600000027,1101 Budapest 10. ker. Pongrác utca 9.,2013.07.01,2033.06.30,47.3995499,19.2126103
Lipót Trafik Bt.,DKE1700000238,1133 Budapest 13. ker. Pannónia utca 68.,2013.07.01,2033.06.30,47.5198243,19.0557198
Liso Trafik Bt.,DKE1600000136,1148 Budapest 14. ker. Kerepesi út 34.,2013.07.01,2033.06.30,47.5007184,19.1105525
Liso Trafik Bt.,DKE1600000193,1146 Budapest 14. ker. Dózsa György utca 29.,2013.07.01,2033.06.30,47.5641357,18.9661591
Lohár  Péter,DKE1010000193,1191 Budapest 19. ker. Üllői út 210.,2013.07.01,2033.06.30,47.4595389,19.1406411
Lokomotiv Bt,DKE1600000212,1104 Budapest 10. ker. Mádi utca 98.,2013.07.01,2033.06.30,47.4772467,19.1583549
LOLA Tabak Bt,DKE1700000207,1139 Budapest 13. ker. Fiastyúk utca 23-25,2013.07.01,2033.06.30,47.5430773,19.0809143
LOLA Tabak Bt,DKE1700000208,1135 Budapest 13. ker. Jász utca 105.,2013.07.01,2033.06.30,47.5369323,19.0873467
LOTTOBACCO 7 Bt.,DKE1600000022,"1074 Budapest, Dob utca 52.",2022.01.26,2033.06.30,47.5014381,19.0653598
Lucky Trafik Bt.,DKE1010000179,"1111 Budapest, Bartók Béla út 25.",2022.11.16,2033.06.30,47.4802693,19.0513012
Lucky Trafik Bt.,DKE1700000110,"1042 Budapest, Árpád út 183.",2022.11.16,2033.06.30,47.5607771,19.1066302
Luna Trafik Bt.,DKE1600000147,"1085 Budapest, József körút 31/A.",2022.12.21,2033.06.30,47.4931141,19.0708167
Luna Trafik Bt.,DKE1700000086,"1037 Budapest, Bécsi út 300.",2022.12.21,2033.06.30,47.553687,19.0281633
M-Braun Bt,DKE1600000045,1173 Budapest 17. ker. Pesti út 70.,2013.07.01,2033.06.30,47.4830788,19.2416775
M3 SZTRÁDA TRAFIK SHOP Bt.,DKE1600000131,"1154 Budapest, Alkotmány út 20.",2022.02.24,2033.06.30,,
Mádá Team Plus Bt,DKE1010000164,1215 Budapest 21. ker. Csete Balázs utca 6.,2013.07.01,2033.06.30,47.4342107,19.0761344
Mádá Team Plus Bt,DKE1010000309,1213 Budapest 21. ker. Görgey Artúr tér 20.,2013.07.01,2033.06.30,47.423052,19.07161
Magát Mónika Rózsa,DKE1600000125,1102 Budapest 10. ker. Állomás utca 7.,2013.07.01,2033.06.30,47.4846747,19.128289
MagikTrafik Bt.,DKE1700000216,"1135 Budapest, Lehel utca 64-68.",2025.10.22,2033.06.30,47.5284853,19.0793559
MagikTrafik Bt.,DKE1700000217,"1139 Budapest, Pap Károly utca 22/B. Ü-2.",2025.11.28,2033.06.30,47.5319583,19.0715655
Maglódi Ágnes Dohánytrafik Bt,DKE8110000251,2112 Veresegyház Budapesti út 108.,2013.07.01,2033.06.30,47.6554994,19.263282
Magyar Ákos,DKE1010000173,1185 Budapest 18. ker. Üllői út 696 .,2013.07.01,2033.06.30,47.4290413,19.2183603
Magyar Ákos,DKE1010000174,1203 Budapest 20. ker. Baross utca hrsz. 170204/9,2013.07.01,2033.06.30,,
Major-Lottó Bt.,DKE1010000004,"1212 Budapest, Széchenyi István utca 86.",2022.12.16,2033.06.30,47.4225054,19.0863898
Mandi Bt.,DKE1010000142,1097 Budapest 09. ker. Nagyvárad téri aluljáró 4.,2013.07.01,2033.06.30,,
Mandi Bt.,DKE1600000066,"1088 Budapest 08. ker. Rákóczi út - Astoria aluljáró ""B"" üzlet",2013.07.01,2033.06.30,,
Máté János,DKE1600000035,"1173 Budapest, Pesti út 39. 11. ü.",2022.09.22,2033.06.30,47.4724543,19.277837
Mátrai Péter Róbert,DKE1010000077,1183 Budapest 18. ker. Ráday Gedeon utca 93.,2013.07.01,2033.06.30,47.4495469,19.1931859
Matusek Mónika Gyöngyi,DKE1010000020,"1117 Budapest, Dombóvári út 27.",2023.08.30,2033.06.30,47.4680174,19.0585153
Matusek Mónika Gyöngyi,DKE1600000032,"1087 Budapest, Kerepesi út 5.",2023.08.30,2033.06.30,47.4986114,19.08391
Matusek Mónika Gyöngyi,DKE1600000033,"1066 Budapest, Zichy Jenő utca 1.",2023.08.30,2033.06.30,47.5029844,19.0554128
Mátyás Dohány Ker. Bt,DKE1600000069,1165 Budapest 16. ker. Újszász utca 87.,2013.07.01,2033.06.30,47.5095056,19.2112081
MAUT3NMOK Bt.,DKE1010000150,"1117 Budapest, Magyar Nobeldíjasok útja 4082/21/E.",2026.03.12,2033.06.30,,
Mázsa Tabak Bt,DKE1010000327,"1126 Budapest, Királyhágó utca 2.",2023.10.24,2034.09.29,47.4953531,19.0230072
Merci Tabak Bt,DKE1600000089,1087 Budapest 08. ker. Hős utca 9.,2013.07.01,2033.06.30,47.4959358,19.1075312
Merci Tabak Bt,DKE1600000108,1062 Budapest 06. ker. Teréz körút 55.,2013.07.01,2033.06.30,47.5106103,19.0566883
Merin Tabak Bt,DKE1010000220,1117 Budapest 11. ker. Alíz   6 A,2013.07.01,2033.06.30,47.4591973,19.0489225
Merin Tabak Bt,DKE1010000221,1119 Budapest 11. ker. Bártfai   1-3.,2013.07.01,2033.06.30,47.4674729,19.0432564
Mészáros János,DKE1010000030,1117 Budapest 11. ker. Hunyadi János út 19.,2023.05.10,2033.06.30,47.4351556,19.0413414
Mészáros Jánosné,DKE1010000024,1193 Budapest 19. ker. Ötvenhatosok tere 17.,2013.07.01,2033.06.30,47.4498454,19.1473821
Metro Trafik Bt,DKE1010000301,1091 Budapest 09. ker. Kálvin tér 9.,2013.07.01,2033.06.30,47.4886874,19.0620026
Metro Trafik Bt,DKE1010000303,1091 Budapest 09. ker. Kálvin tér 7.,2013.07.01,2033.06.30,47.4886113,19.0609722
Metro Trafik Bt,DKE1010000304,1097 Budapest 09. ker. Gubacsi út 34.,2013.07.01,2033.06.30,47.445341,19.0970816
Metro Trafik Bt.,DKE1010000302,"1093 Budapest, Gönczy Pál utca 2. földszint IV. ajtó",2025.09.01,2033.06.30,47.487221,19.060145
METRO-MOBIL Bt,DKE1600000085,"1161 Budapest, Csömöri út 109.",2024.04.01,2033.06.30,47.5244882,19.1589675
Mihók Anita Andrea,DKE1600000209,"1165 Budapest, Margit utca 102.",2026.02.11,2033.06.30,47.5165983,19.1887097
Mirabend Bt.,DKE1010000121,1126 Budapest 12. ker. Dolgos utca 2. fsz. 171. üzlet,2013.07.01,2033.06.30,47.4915641,19.0207011
Mizacor-trade 2002 Bt.,DKE1700000232,"1037 Budapest, Bécsi út 43.",2019.11.26,2033.06.30,47.5280719,19.0377122
Mizacor-trade 2002 Bt.,DKE1700000234,1032 Budapest 03. ker. Bécsi út 136.,2013.07.01,2033.06.30,47.5439072,19.0284465
MJ-King Trafik Bt.,DKE1700000171,1046 Budapest 04. ker. Eperjesi utca 1/A:,2013.07.01,2033.06.30,47.573755,19.10389
Moldovainé Kavasinszky Ilona,DKE1010000059,1203 Budapest 20. ker. Baross utca 5/A,2013.07.01,2033.06.30,47.4407712,19.0960277
Moldovainé Kavasinszky Ilona,DKE1600000020,1102 Budapest 10. ker. Liget tér hrsz 38927,2013.07.01,2033.06.30,,
Mucsányi Károly Ferencné,DKE1600000313,1173 Budapest 17. ker. Bakancsos utca 5.,2013.12.18,2033.06.30,47.4801095,19.2437964
MULTI TRAFIK Bt.,DKE1600000194,"1065 Budapest, Hajós utca 23.",2024.04.08,2033.06.30,47.5037517,19.0578237
MULTI TRAFIK Bt.,DKE1600000197,"1142 Budapest, Ungvár utca 50.",2024.04.08,2033.06.30,47.5338953,19.1057885
N&J Family Dohány BT,DKE1600000140,1162 Budapest 16. ker. Mátyás király út 58.,2013.07.01,2033.06.30,47.5855572,19.0523969
Nacsavin Tabak Bt.,DKE1600000262,"1165 Budapest, Arany János utca 102.",2014.12.13,2033.06.30,47.5209115,19.1864524
Nacsavin Tabak Bt.,DKE1600000269,"1165 Budapest, Bökényföldi út 117547. hrsz.",2024.12.18,2033.06.30,47.509975,19.2069849
Nagy A Dohány Bt.,DKE1010000031,1239 Budapest 23. ker. Grassalkovich út 171,2013.07.01,2033.06.30,47.3905659,19.1189114
Nagy A Dohány Bt.,DKE1010000032,1205 Budapest 20. ker. Határ út 95,2013.07.01,2033.06.30,47.4543994,19.1132889
Nagy A Dohány Bt.,DKE1010000038,1211 Budapest 21. ker. Szent Imre tér 19.,2013.07.01,2033.06.30,47.4316954,19.0706925
Nagy A Dohány Bt.,DKE1700000057,1036 Budapest 03. ker. Pacsirtamező utca 22/B.,2013.07.01,2033.06.30,47.5344843,19.0396591
Nagy Erika,DKE1600000001,1162 Budapest 16. ker. György utca 2.,2013.07.01,2033.06.30,47.5308063,19.1714934
Nagy Márta,DKE1010000074,1183 Budapest 18. ker. Balassa utca 2-10.,2013.07.01,2033.06.30,47.4427584,19.1842145
Nagydohány-1161 Bt.,DKE1600000207,1162 Budapest 16. ker. Rákosi út 142-146.,2013.07.01,2033.06.30,47.5236507,19.1722751
Nagyvadász Bt,DKE1600000099,1106 Budapest 10. ker. Harmat utca 113.,2013.07.01,2033.06.30,47.4723883,19.1626224
Nagyvadász Bt.,DKE1010000109,"1191 Budapest, Vak Bottyán utca 72. földszint 3. ajtó",2025.01.27,2033.06.30,47.4618016,19.1460659
Nagyvadász Bt.,DKE1600000107,"1108 Budapest,
 Tavas utca 1. C.
 épület földszint
 18. ajtó",2024.12.09,2033.06.30,47.4689188,19.1653193
Nájkopex Trafik Bt.,DKE1010000247,"1203 Budapest, Topánka HRSZ. 170204/10",2024.03.20,2033.06.30,,
Nájkopex Trafik Bt.,DKE1010000257,"1118 Budapest, Jagelló út 4/A.",2024.03.20,2033.06.30,47.4861728,19.0236657
Nájkopex Trafik Bt.,DKE1010000259,"1203 Budapest, Kossuth Lajos utca 31/b",2024.03.20,2033.06.30,47.4373241,19.1014827
NANE 3000 Bt.,DKE1700000077,"1048 Budapest, Ügető utca 2.",2026.03.12,2033.06.30,47.58119,19.11498
NANE 3000 Bt.,DKE1700000078,"1048 Budapest, Kordován tér 13.",2026.03.12,2033.06.30,47.5868026,19.1133315
Naphegy Tabak Bt.,DKE1010000263,1118 Budapest 11. ker. Sasadi út 83.,2013.07.01,2033.06.30,47.4735112,19.0082869
Naphegy Tabak Bt.,DKE1700000203,1016 Budapest 01. ker. Naphegy tér 3.,2013.07.01,2033.06.30,47.4926141,19.0321797
Naphegy Tabak Bt.,DKE1700000204,1015 Budapest 01. ker. Batthyány utca 28,2013.07.01,2033.06.30,47.5070701,19.0315221
Natrade Dohány Bt,DKE1010000293,1212 Budapest 21. ker. Deák Ferenc tér 1.,2013.07.01,2033.06.30,47.4974057,19.0550071
Natrade Dohány Bt,DKE1700000155,1024 Budapest 02. ker. Lövőház utca 2-6,2013.07.01,2033.06.30,47.5086947,19.0254751
Natrade Dohány Bt,DKE1700000156,1024 Budapest 02. ker. Lövőház utca 12,2013.07.01,2033.06.30,47.5089622,19.0248282
Natrade Dohány Bt.,DKE1010000248,"1211 Budapest, Központi út 18.",2026.01.12,2033.06.30,47.4305849,19.0615899
Natrade Dohány Bt.,DKE1700000237,"1024 Budapest, Margit körút 69.",2023.05.05,2033.06.30,47.5103581,19.0296897
NEDO Dohány Kereskedelmi Bt.,DKE1010000028,"1211 Budapest, Kossuth Lajos utca 87.",2022.01.31,2033.06.30,47.4224676,19.0410054
NEDO Dohány Kereskedelmi Bt.,DKE1010000034,"1211 Budapest, Szent Imre tér 1.",2022.01.31,2033.06.30,47.4304171,19.0690284
NEDO Dohány Kereskedelmi Bt.,DKE1010000048,"1184 Budapest, Lakatos utca 7.",2022.01.31,2033.06.30,47.5286458,19.2084072
Negretto Bt.,DKE1600000077,1145 Budapest 14. ker. Róna utca 125.,2013.07.01,2033.06.30,47.5147373,19.1111182
Nemes Tobacco Bt,DKE1700000119,1042 Budapest 04. ker. Árpád út 62,2013.07.01,2033.06.30,47.5608031,19.0873523
Nemes Tobacco Bt,DKE1700000120,1042 Budapest 04. ker. Árpád út 95,2013.07.01,2033.06.30,47.5091588,19.0946713
Nemes Tobacco Bt.,DKE1700000112,"1041 Budapest, Rózsa utca 73. földszint 3.",2026.04.23,2033.06.30,47.562442,19.0997104
Nemes-Tabak Bt,DKE1600000162,1173 Budapest 17. ker. Pesti út 211.,2013.07.01,2033.06.30,47.4776143,19.2622069
Nemesdaróczi és Társa Bt,DKE1010000087,1116 Budapest 11. ker. Fehérvári út 182.,2013.07.01,2033.06.30,47.4484967,19.0380319
Németh László,DKE1600000005,"1101 Budapest, Üllői út 124/B.",2021.12.13,2033.06.30,47.4698355,19.1149454
Németh-Tabak Bt,DKE1600000146,1149 Budapest 14. ker. Bosnyák tér 15.,2013.07.01,2033.06.30,47.5200217,19.1124343
NET-DOHÁNYBOLTOK.hu Bt.,DKE1010000017,"1119 Budapest, Etele tér 3.",2022.07.21,2033.06.30,47.4656705,19.0233708
Netti Trafik Bt.,DKE1010000310,"1095 Budapest, Soroksári út 56.",2021.11.22,2033.06.30,47.471029,19.0736852
Nívó-Trafik Bt.,DKE1700000091,1039 Budapest 03. ker. Boglár utca 5.,2013.07.01,2033.06.30,47.5957644,19.0621035
Nívó-Trafik Bt.,DKE1700000097,1031 Budapest 03. ker. Római tér 1.,2013.07.01,2033.06.30,47.5689852,19.0495889
NORTORF Bt.,DKE1700000084,"1051 Budapest, Hercegprímás utca 2.",2023.07.21,2033.06.30,47.4993371,19.0532163
Nyolcpipa Bt.,DKE1600000114,"1085 Budapest, Üllői út 6. földszint 33-34. ajtó",2025.06.25,2033.06.30,47.4867816,19.0677292
Nyolcpipa Bt.,DKE1600000115,"1082 Budapest, Leonardo Da Vinci utca 23.",2025.06.25,2033.06.30,47.4862243,19.0773259
Ónodi Trafik Bt,DKE1600000028,1102 Budapest 10. ker. Liget utca 40.,2013.07.01,2033.06.30,47.4880311,19.1300336
Opport-ZCS Bt.,DKE1600000157,"1102 Budapest, Kőrösi Csoma Sándor sétány 16/E",2026.07.24,2033.06.30,,
Orczy Tabak Bt,DKE1600000052,1089 Budapest 08. ker. Orczy út 46-48,2013.07.01,2033.06.30,47.4883342,19.0928374
Orczy Tabak Bt,DKE1700000027,1032 Budapest 03. ker. Kiscelli utca 14,2013.07.01,2033.06.30,47.5390935,19.037874
Orczy Tabak Bt,DKE1700000028,1039 Budapest 03. ker. Heltai Jenő tér 3.,2013.07.01,2033.06.30,47.5982503,19.0579964
Orkisen-528 Tabak Bt,DKE1010000265,"1125 Budapest, Márvány utca 33",2022.09.10,2033.06.30,47.494902,19.0205171
Orkisen-528 Tabak Bt,DKE1010000266,"1126 Budapest, Királyhágó tér 2.",2022.09.10,2033.06.30,47.4958094,19.0191273
Orkisen-528 Tabak Bt,DKE1010000294,"1125 Budapest, Szarvas Gábor utca 8.",2022.09.10,2033.06.30,,
Ozayer Pipa Bt.,DKE1010000202,1094 Budapest 09. ker. Mester utca 4-6,2013.07.01,2033.06.30,47.4817426,19.0690512
Ozayer Pipa Bt.,DKE1010000215,1095 Budapest 09. ker. Mester utca 46,2013.07.01,2033.06.30,47.478606,19.0739844
Ozayer Pipa Bt.,DKE1600000219,1082 Budapest 08. ker. Harminckettesek tere 6,2013.07.01,2033.06.30,47.4897246,19.0717301
Ozin Tobacco Bt.,DKE1010000240,1095 Budapest 09. ker. Vágóhíd utca 3.,2013.07.01,2033.06.30,47.4717122,19.0777458
Ozin Tobacco Bt.,DKE1010000300,1094 Budapest 09. ker. Ferenc körút 41.,2013.07.01,2033.06.30,47.4846159,19.0698947
Ozin Tobacco Bt.,DKE1600000246,1081 Budapest 08. ker. Népszínház utca 59,2013.07.01,2033.06.30,47.4935814,19.0816039
Ozin Tobacco Bt.,DKE1600000286,1081 Budapest 08. ker. Népszínház utca 13,2013.07.01,2033.06.30,47.495765,19.0721028
P-57 Tabak Bt.,DKE1700000176,"1021 Budapest, Budenz utca 24.",2022.08.30,2033.06.30,,
P-57 Tabak Bt.,DKE1700000177,"1025 Budapest, Pusztaszeri út 72.",2022.08.30,2033.06.30,47.5231647,19.0197752
P-57 Tabak Bt.,DKE1700000178,"1025 Budapest, Pusztaszeri út 57.",2022.08.30,2033.06.30,47.5254396,19.0238941
P-57 Tabak Bt.,DKE1700000179,"1022 Budapest, Bimbó út 91.",2022.08.30,2033.06.30,47.5186771,19.0150832
P-SZ Tabak Bt,DKE1010000107,1215 Budapest 21. ker. Ady Endre út 58.,2013.07.01,2033.06.30,47.435592,19.0748789
P-SZ Tabak Bt,DKE1010000111,1211 Budapest 21. ker. Szent Imre tér 4.,2013.07.01,2033.06.30,47.4312953,19.0675612
P-SZ Tabak Bt,DKE1010000115,1214 Budapest 21. ker. Zrínyi utca 1 ( SPAR ),2013.07.01,2033.06.30,47.4160711,19.0629441
P-SZ Tabak Bt,DKE1010000118,1214 Budapest 21. ker. Vénusz utca 13-15.,2013.07.01,2033.06.30,47.4102595,19.0602443
P-SZ Tabak Bt,DKE1600000132,"1148 Budapest, Örs vezér tere 3. fsz.",2023.03.06,2033.06.30,47.5047326,19.1350143
P.L.H. Tobacco Bt,DKE1700000042,1044 Budapest 04. ker. Megyeri út 56/A.,2013.07.01,2033.06.30,47.5770264,19.0850531
Pál Ildikó,DKE1600000298,1152 Budapest 15. ker. Illyés Gyula utca 12-16.,2013.07.01,2033.06.30,47.5616069,19.1172737
Pál Ildikó,DKE1600000300,1157 Budapest 15. ker. Zsókavár utca 2-4.,2013.07.01,2033.06.30,47.5413172,19.1422741
Pál Ildikó,DKE1600000307,1152 Budapest 15. ker. Bogáncs utca 1-3.,2013.07.24,2033.06.30,47.5697877,19.1352075
Palota Trafik Bt,DKE1600000073,1154 Budapest 15. ker. Bánkút utca 108.,2013.07.01,2033.06.30,47.5519597,19.1333852
Palus Trafik Bt,DKE1700000032,1039 Budapest 03. ker. Madzsar József utca 9-11.,2013.07.01,2033.06.30,47.6010386,19.0584352
Panatella Trafik Bt,DKE1600000208,1144 Budapest 14. ker. Csertő park 20,2013.07.01,2033.06.30,47.5105511,19.1437207
Panatella Trafik Bt,DKE1700000117,"1042 Budapest, 73312/8/A. hrsz.",2023.04.26,2033.06.30,47.5608175,19.0939684
Pancafé Bt,DKE1600000196,"1106 Budapest, Fehér út 3.",2026.07.24,2033.06.30,47.5004378,19.1365096
Paszternák Krisztina,DKE1600000038,1084 Budapest 08. ker. Nagyfuvaros utca 16.,2013.07.01,2033.06.30,,
Paulovits Henriette,DKE1600000004,1152 Budapest 15. ker. Rákos út 33/a.,2013.07.01,2033.06.30,47.5568732,19.1198255
Pazsovin Dohány Bt.,DKE1010000238,1202 Budapest 20. ker. Tátra tér 1,2013.07.01,2033.06.30,47.4413301,19.1127214
Pazsovin Dohány Bt.,DKE1010000244,1193 Budapest 19. ker. Kossuth tér,2013.07.01,2033.06.30,47.5058457,19.0477521
Pazsovin Dohány Bt.,DKE1010000282,1201 Budapest 20. ker. Nagysándor J. utca 170,2013.07.01,2033.06.30,,
Pazsovin Dohány Bt.,DKE1010000287,1205 Budapest 20. ker. Vízisport utca 21/c. fsz. 23.,2022.06.20,2033.06.30,47.4360636,19.0915916
Pék György István,DKE1700000051,1042 Budapest 04. ker. Árpád út 90-92.,2013.07.01,2033.06.30,47.5602234,19.0928194
Pelgreen Trade Bt,DKE1600000245,"1149 Budapest, Szugló utca 80. fszt. 3/Ü.",2022.07.06,2033.06.30,47.5180198,19.1168856
Pelgreen Trade Bt,DKE1700000121,1039 Budapest 03. ker. Viziorgona utca 3.,2013.07.01,2033.06.30,47.5981639,19.0497496
Pelikán Bt,DKE1700000005,1134 Budapest 13. ker. Lehel utca 33.,2013.07.01,2033.06.30,47.5205866,19.0689793
Pengő Dohány Bt.,DKE1700000175,1137 Budapest 13. ker. Radnóti Miklós 4.,2021.09.29,2033.06.30,47.5138894,19.0567582
Pengő Dohány Bt.,DKE1700000190,1132 Budapest 13. ker. Visegrádi utca 43-45.,2013.07.01,2033.06.30,47.5174468,19.0576637
Pengő Dohány Bt.,DKE1700000191,1134 Budapest 13. ker. Dunyov István utca 9.,2013.07.01,2033.06.30,47.528631,19.0688176
Pengő Tabak Bt.,DKE1700000214,"1134 Budapest 13. ker. Árpád híd , M. 6. sz. üzlet",2013.07.01,2033.06.30,47.5362906,19.0585186
Pengő Tabak Bt.,DKE1700000215,1134 Budapest 13. ker. Árpád híd M. 4 sz. üzlet,2013.07.01,2033.06.30,47.531712,19.0677298
Pengő Trafik Bt,DKE1700000182,1137 Budapest 13. ker. Jászai Mari tér 5.,2013.07.01,2033.06.30,47.5140823,19.0483654
Pengő Trafik Bt,DKE1700000183,1134 Budapest 13. ker. Árpád híd M.  11. sz. üzlet,2013.07.01,2033.06.30,47.531712,19.0677298
Pengő Trafik Bt,DKE1700000184,1136 Budapest 13. ker. Hollán Ernő utca 3.,2013.07.01,2033.06.30,47.5133266,19.0496919
Pernye Bt,DKE1600000293,1087 Budapest 08. ker. Baross tér 11/a.,2013.07.01,2033.06.30,47.5000893,19.0824446
Pernye Bt,DKE1600000297,1088 Budapest 08. ker. József körút 5.,2013.07.01,2033.06.30,47.4957171,19.0704835
Pethő Melinda,DKE1600000275,1172 Budapest 17. ker. Ferihegyi út 29.,2013.07.01,2033.06.30,47.488975,19.2594075
Pintér Gyula Ferencné,DKE1010000039,1239 Budapest 23. ker. Nagykőrösi út 353.,2013.07.01,2033.06.30,47.4174101,19.1681653
Pócsy László Béláné,DKE1600000098,"1155 Budapest, Szent Korona útja 25/B.",2023.03.24,2033.06.30,47.5418351,19.1230768
Polovits György,DKE1700000247,1054 Budapest 05. ker. Bank utca 3.,2014.12.02,2034.09.23,47.5032054,19.0531497
PomPom Dohány Bt.,DKE1700000153,"1131 Budapest, Reitter Ferenc utca 132.",2023.04.19,2033.06.30,47.5406194,19.0908869
PomPom Dohány Bt.,DKE1700000154,"1133 Budapest, Hegedűs Gyula utca 91.",2023.04.19,2033.06.30,47.5232967,19.0591389
PRÁTER PRO Bt.,DKE1600000120,"1083 Budapest, Práter utca 30-32.",2025.12.10,2033.06.30,47.4867902,19.0840648
Produkta Tabak Bt,DKE1010000042,1122 Budapest 12. ker. Magyar Jakobinusok tere 7,2013.07.01,2033.06.30,47.5012783,19.0237471
Produkta Tabak Bt,DKE1010000051,1115 Budapest 11. ker. Tétényi út 16.,2013.07.01,2033.06.30,47.4693525,19.0353584
Produkta Tabak Bt,DKE1010000081,1119 Budapest 11. ker. Csurgói út 21/a,2013.07.01,2033.06.30,47.4536055,19.0339298
Produkta Tabak Bt,DKE1600000083,1063 Budapest 06. ker. Szondi utca 58.,2013.07.01,2033.06.30,47.5128206,19.0681828
Produkta Tabak Bt,DKE1600000086,1078 Budapest 07. ker. István utca 10,2013.07.01,2033.06.30,47.5044953,19.0806781
Profi Trafik Bt,DKE6310000141,"8200 Veszprém, Budapest út 16.",2023.04.17,2033.06.30,47.0950126,17.9173689
Promore Szivar Bt.,DKE1600000225,"1087 Budapest, Kőbányai út 27. 24. ép.",2024.08.01,2033.06.30,47.4892335,19.092538
Promore Szivar Bt.,DKE1600000226,"1146 Budapest, Erzsébet királyné útja 6/a",2024.08.01,2033.06.30,47.516615,19.092205
Protabaco Bt.,DKE1010000086,1225 Budapest 22. ker. Nagytétényi út 238.,2013.07.01,2033.06.30,47.3958662,18.9945701
Protabaco Bt.,DKE1010000119,1223 Budapest 22. ker. Nagytétényi út 136-138.,2013.07.01,2033.06.30,47.4052806,19.0127498
PSB Tabak Bt,DKE1700000070,1026 Budapest 02. ker. Kelemen László   14/A.,2013.07.01,2033.06.30,47.5236179,18.9926742
Rab Judit,DKE1700000011,1136 Budapest 13. ker. Hegedűs Gyula utca 20/A.,2013.07.01,2033.06.30,47.5149949,19.0542552
Rácz-Tabak Bt.,DKE1600000169,1165 Budapest 16. ker. Újszász utca 47/b.,2013.07.01,2033.06.30,47.5051983,19.2004373
Rácz-Tabak Bt.,DKE1600000170,1104 Budapest 10. ker. Fehér út 1.,2013.07.01,2033.06.30,47.50076,19.13701
Rácz-Tabak Bt.,DKE1600000171,1072 Budapest 07. ker. Rákóczi út 36.,2013.07.01,2033.06.30,47.49665,19.0680572
Rebacco Dohánybolt Bt,DKE1600000008,1162 Budapest 16. ker. Állás   52.,2013.07.01,2033.06.30,47.5306062,19.1979337
Rebacco Dohánybolt Bt.,DKE1600000015,"1164 Budapest, Alsómalom utca 8-10.",2025.03.24,2033.06.30,47.5263713,19.2060963
Rebeka Tabak Bt.,DKE1010000329,"1225 Budapest, Nagytétényi út 315.",2024.04.25,2034.10.28,47.3904159,18.9807256
Récsei Tabak Bt,DKE1600000116,1146 Budapest 14. ker. Szabó József utca 6,2013.07.01,2033.06.30,47.5040639,19.0926223
Récsei Tabak Bt,DKE1600000118,1148 Budapest 14. ker. Fogarasi út 47-51.,2013.07.01,2033.06.30,47.5061812,19.1234544
Récsei Tabak Bt.,DKE1010000056,"1124 Budapest, Apor Vilmos tér 11.",2013.07.01,2033.06.30,47.4911346,19.0118358
Récsei Tabak Bt.,DKE1010000063,"1121 Budapest, Eötvös út 6.",2021.12.20,2033.06.30,47.4973499,18.9888402
Regina Tabak Bt,DKE1010000108,1181 Budapest 18. ker. Kondor Béla sétány 9-11.,2013.07.01,2033.06.30,47.4401794,19.1680745
Regina Tabak Bt,DKE1600000067,1085 Budapest 08. ker. József körút 84.,2013.07.01,2033.06.30,47.4862991,19.0704206
Regina Tabak Bt,DKE1600000076,1089 Budapest 08. ker. Bíró Lajos utca 64-68.,2013.07.01,2033.06.30,47.4826306,19.0978792
RetroCity Bt.,DKE1700000249,1054 Budapest 05. ker. Bajcsy Zs.   48.,2015.03.30,2034.10.01,47.5092471,19.0553342
Rikicsi Tabak Bt.,DKE1700000059,1023 Budapest 02. ker. Árpád Fejedelem útja 8.,2013.07.01,2033.06.30,47.5198401,19.0371874
Ritter Beatrix,DKE1600000007,1164 Budapest 16. ker. Ostoros utca 8.,2013.07.01,2033.06.30,47.525968,19.201941
Roken Tobacco Bt,DKE1010000275,1116 Budapest 11. ker. Bartók Béla út 129.,2013.07.01,2033.06.30,47.4711186,19.0282112
Roken Tobacco Bt,DKE1600000284,1174 Budapest 17. ker. Szabad Május tér 1.,2013.07.01,2033.06.30,,
Roken Tobacco Bt,DKE1600000288,1148 Budapest 14. ker. Örs Vezér tere 24.,2013.07.01,2033.06.30,47.5042436,19.1383429
Románc Kkt.,DKE1600000058,1081 Budapest 08. ker. Népszinház utca 27,2013.07.01,2033.06.30,47.4950597,19.075091
Röné Trafik Store Bt.,DKE1600000265,1156 Budapest 15. ker. Nyírpalota út 52,2013.07.01,2033.06.30,47.5481468,19.1402884
Royal Smoke 2013 Bt,DKE1010000035,1096 Budapest 09. ker. Haller utca 15.,2013.07.01,2033.06.30,47.4756805,19.0767808
Royal Smoke 2013 Bt,DKE1600000094,1087 Budapest 08. ker. Kálvária tér 16.,2013.07.01,2033.06.30,47.4890111,19.0877576
Royal Smoke 2013 Bt,DKE1600000119,1075 Budapest 07. ker. Rumbach Sebestyén utca 20-22.,2013.07.01,2033.06.30,47.4981939,19.0573341
Royal Trafik Bt.,DKE1700000026,1035 Budapest 03. ker. Szentendrei út 36/a,2013.07.01,2033.06.30,47.5490164,19.0430926
Rózsa Dohány Bt.,DKE1600000100,1141 Budapest 14. ker. Stadionok metróállomás Kerepesi út felé,2013.07.01,2033.06.30,,
Rózsa Dohány Bt.,DKE1600000183,1086 Budapest 08. ker. Teleki tér 8-9,2013.07.01,2033.06.30,47.4930695,19.0828251
Rózsavölgyi-Trafik Bt,DKE1700000076,1027 Budapest 02. ker. Fő utca 92.,2013.07.01,2033.06.30,47.5114387,19.0380616
Safe Tabak Bt,DKE1600000013,1081 Budapest 08. ker. Kenyérmező utca 2.,2013.07.01,2033.06.30,47.4988088,19.0772074
Saja Ker. Bt,DKE1600000173,1106 Budapest 10. ker. Rézvirág utca 2.,2013.07.01,2033.06.30,47.4844416,19.2041333
Sajó Dániel,DKE1010000124,"1096 Budapest, Haller utca 8-18. B. ép. 1-7. lph. fszt. 4. ajtó",2026.01.28,2033.06.30,47.4766571,19.080343
Salgó Deán Bt.,DKE8310000028,3104 Salgótarján Budapesti út 57.,2013.07.01,2033.06.30,48.0644506,19.7825358
Sallayné Soós Piroska,DKE1010000001,1114 Budapest 11. ker. Fadrusz utca 14.,2013.07.01,2033.06.30,47.4754163,19.0431707
Samsara Life Bt.,DKE1010000180,"1117 Budapest, Nádorliget utca 5/A. földszint 4. ajtó",2024.10.23,2033.06.30,47.466035,19.0471848
Samsara Life Bt.,DKE1600000168,"1152 Budapest, Régi Fóti út 64.",2021.11.29,2033.06.30,47.5617097,19.1225446
Samsara Life Bt.,DKE1600000184,"1148 Budapest, Vezér utca 148-150.",2021.11.29,2033.06.30,47.5191494,19.1269685
Samsara Life Bt.,DKE1600000187,"1071 Budapest, Király utca 51.",2021.11.29,2033.06.30,47.5021094,19.0631802
Samsara Life Bt.,DKE1700000107,"1135 Budapest, Lehel út 26.",2021.11.29,2033.06.30,47.5211683,19.0695706
Sári Line Bt,DKE1010000184,1191 Budapest 19. ker. Templom tér 21.,2013.07.01,2033.06.30,47.4536024,19.1427853
Satarel Trafik Ker. Bt,DKE1700000180,1042 Budapest 04. ker. Lebstück Mária utca 45.,2013.07.01,2033.06.30,47.5606261,19.0929562
Shepherd Trafik Bt.,DKE1600000231,1077 Budapest 07. ker. Wesselényi utca 61,2013.07.01,2033.06.30,47.5026132,19.0726181
Shepherd Trafik Bt.,DKE1600000250,1078 Budapest 07. ker. Nefelejcs utca 7,2013.07.01,2033.06.30,47.5020498,19.0829038
Siki-Sori Bt.,DKE1010000308,1239 Budapest 23. ker. Haraszti út 26.,2013.07.01,2033.06.30,47.391223,19.1141411
Silding Tobacco Bt.,DKE1600000277,"1103 Budapest, Gyömröi út 99.",2026.02.27,2033.06.30,47.4665074,19.1558837
Simon Sándorné,DKE1700000058,1046 Budapest 04. ker. Nádor   38. fszt.,2013.07.01,2033.06.30,47.5694647,19.0927306
Simonj Cigarette Bt,DKE1010000249,1188 Budapest 18. ker. Nagykőrösi út 35.,2013.07.01,2033.06.30,47.4066577,19.182006
Simonj Cigarette Bt,DKE1010000254,1185 Budapest 18. ker. Üllői út 610. hrsz.:159374,2013.07.01,2033.06.30,47.4290413,19.2183603
Simonj Cigarette Bt,DKE1010000274,1181 Budapest 18. ker. Barta Lajos utca 151159/20.,2013.07.01,2033.06.30,47.4390571,19.1667332
Simonj Cigarette Bt,DKE1010000277,1186 Budapest 18. ker. Goroszló utca 15. G-61.,2013.07.01,2033.06.30,47.4321879,19.1740871
Simonj Cigarette Bt.,DKE1010000252,"1181 Budapest, Üllői út 459.",2026.03.20,2033.06.30,47.4424166,19.1798929
Slikk-Slukk Bt.,DKE1600000320,1173 Budapest 17. ker. Pesti út 4.,2014.12.13,2034.10.07,47.4846721,19.2291659
Smoke City Bt,DKE1010000141,1193 Budapest 19. ker. Üllői út 266.,2013.07.01,2033.06.30,47.4533708,19.1573703
Smoke City Bt,DKE1010000146,"1203 Budapest, Kossuth Lajos utca 33. hrsz. 170204/97.",2022.07.29,2033.06.30,47.435287,19.0986446
Smoke City Bt,DKE1600000082,1146 Budapest 14. ker. Thököly utca 96.,2013.07.01,2033.06.30,47.5218259,19.1486506
Smoke Shop Bt,DKE1010000082,"1203 Budapest, Kossuth Lajos utca 33.",2023.09.18,2033.06.30,47.4377789,19.1017446
Smoke Shop Bt,DKE1010000139,"1184 Budapest, Lakatos út 7.",2023.09.18,2033.06.30,47.4504701,19.1727603
Smoke Trainer 93 Bt,DKE1600000042,1158 Budapest 15. ker. Drégelyvár utca 57-63.,2013.07.01,2033.06.30,47.5355,19.1333
Smokefull Bt,DKE1010000073,1214 Budapest 21. ker. Vas Gereben utca 1,2013.07.01,2033.06.30,47.4861544,19.0159682
Snüssz Trafik Bt.,DKE1600000216,"1083 Budapest, Baross utca 111.",2022.09.01,2033.06.30,47.4884615,19.0831458
Snüssz Trafik Bt.,DKE1700000151,"1039 Budapest, Hatvany Lajos utca 10.",2022.09.01,2033.06.30,47.599336,19.0643427
Snüssz Trafik Bt.,DKE1700000152,"1035 Budapest, Vihar utca 17.",2022.09.01,2033.06.30,47.5464269,19.0384536
Soel Trafik Bt,DKE1600000143,1157 Budapest 15. ker. Erdőkerülő út 1-7,2013.07.01,2033.06.30,47.5414952,19.151405
Soká Team Plus Bt.,DKE1010000158,1211 Budapest 21. ker. Kossuth Lajos utca 70.,2013.07.01,2033.06.30,47.4279149,19.0704305
Soká Team Plus Bt.,DKE1010000161,1211 Budapest 21. ker. Karácsony Sándor utca 10/A.,2013.07.01,2033.06.30,47.4272208,19.0688639
Soká Team Plus Bt.,DKE1010000171,1211 Budapest 21. ker. Karácsony Sándor utca 19.,2013.07.01,2033.06.30,47.4266571,19.0688316
Spisák Barbara,DKE1600000121,1158 Budapest 15. ker. Drégelyvár - Molnár Viktor utca sarok,2013.07.01,2033.06.30,,
Suhajda Tabak Bt,DKE1010000296,1237 Budapest 23. ker. Grassalkovich utca 37.,2013.07.15,2033.06.30,47.4057268,19.1126756
Summum Trafik Bt.,DKE1700000016,"1021 Budapest, Hűvösvölgyi út 138.",2022.12.21,2033.06.30,47.5380511,18.9660184
Sun Leaves Tobacco Bt,DKE1600000274,1165 Budapest 16. ker. Centenárium sétány 16-24.,2013.07.01,2033.06.30,47.5170246,19.1840238
Sun Leaves Tobacco Bt,DKE1700000194,1051 Budapest 05. ker. József A. utca 16.,2013.07.01,2033.06.30,47.4693192,19.1103322
Szabadka Bt.,DKE1010000015,1191 Budapest 19. ker. Simonyi Zsigmond utca 31.,2013.07.01,2033.06.30,47.4600636,19.1516626
Szabal Trafik Bt,DKE1600000263,1152 Budapest 15. ker. Szentmihályi út 167-169.,2013.07.01,2033.06.30,47.5493423,19.1471397
Szabal Trafik Bt,DKE1700000096,1044 Budapest 04. ker. Garam utca 3.,2013.07.01,2033.06.30,47.5700339,19.0788992
Szabó-Sartoriale Tobacco Bt.,DKE1010000043,1182 Budapest 18. ker. Üllői út 661.,2013.07.01,2033.06.30,47.4333896,19.2017421
Szászik Duó Bt,DKE1010000324,"1186 Budapest, Csontváry Kosztka Tivadar utca 46.",2022.09.02,2034.09.23,47.4358695,19.1675043
SZEGO-TOBACCO Bt.,DKE1600000062,"1151 Budapest, Károlyi Sándor út 126.",2024.02.14,2033.06.30,47.5805467,19.1274295
SZEGO-TOBACCO Bt.,DKE1600000063,"1149 Budapest, Egressy út 108.",2022.12.15,2033.06.30,47.5140586,19.1184991
Székely Izabella Etelka,DKE1010000008,"1203 Budapest, Széchenyi utca 3-5. C. lépcsőház földszint",2026.05.15,2033.06.30,47.502775,19.0471573
Szemerédi Zsanett,DKE1700000008,1037 Budapest 03. ker. Bécsi út 319.,2013.07.01,2033.06.30,47.553687,19.0281633
Szendi Szilvia,DKE1010000072,1201 Budapest 20. ker. Vörösmarty utca 72-76,2013.07.01,2033.06.30,47.4306403,19.1086026
Szerencse-Füst Bt.,DKE1600000048,"1163 Budapest, Timur utca 96.",2022.12.15,2033.06.30,47.5319753,19.1886004
Szij József Máté,DKE1600000064,"1171 Budapest, Zrínyi út - Pesti út sarok 1.",2025.05.14,2033.06.30,,
Szíj József Máté,DKE1600000065,1171 Budapest 17. ker. Ujlak-Sima utca sarok 0.,2023.03.16,2033.06.30,,
Szijártó Tobacco Bt,DKE1010000100,1095 Budapest 09. ker. Boráros téri aluljáró felső szint 3.,2013.07.01,2033.06.30,,
Szijártó Tobacco Bt,DKE1600000109,1086 Budapest 08. ker. Teleki László tér 8-9 fsz 22.,2013.07.01,2033.06.30,47.4941868,19.0854717
Szijj Sándor,DKE1010000102,"1223 Budapest, Kelenvölgyi utca 4.",2023.05.19,2033.06.30,47.4307356,19.0039805
Szikra Trafik Bt.,DKE1010000163,1192 Budapest 19. ker. Kós Károly tér 1.,2013.07.01,2033.06.30,47.4562161,19.1273496
Szikra Trafik Bt.,DKE1010000166,1212 Budapest 21. ker. II. Rákóczi Ferenc utca 167.,2013.07.01,2033.06.30,47.4603647,19.2325286
Szirák Dohány Bt,DKE1700000102,1139 Budapest 13. ker. Fáy utca 4.,2013.07.01,2033.06.30,47.5378393,19.0707463
Szirák Dohány Bt,DKE1700000239,1137 Budapest 13. ker. Szent István körút 20,2013.07.09,2033.06.30,47.5118699,19.0527211
Szivar Torony CASTLE Bt.,DKE1700000105,"1054 Budapest, Báthory utca 8.",2020.09.02,2033.06.30,47.5063865,19.0501372
Szivar Torony CASTLE Bt.,DKE1700000106,"1051 Budapest, Nádor utca 14. földszint",2024.12.09,2033.06.30,47.5009379,19.0490503
Szivar Torony City Bt,DKE1700000095,1051 Budapest 05. ker. Hercegprímás utca 2.,2013.07.01,2033.06.30,47.4993371,19.0532163
Szivar Torony City Bt,DKE1700000135,1052 Budapest 05. ker. Régiposta utca 7-9.,2013.07.01,2033.06.30,,
Szivar Torony City Bt,DKE1700000136,1051 Budapest 05. ker. Erzsébet tér 7-8,2013.07.01,2033.06.30,47.4970308,19.0520833
Szivar Torony City Bt,DKE1700000245,1052 Budapest 05. ker. Ferenciek tere 10.,2013.10.03,2033.06.30,47.4933191,19.0551535
Szivar Torony River Bt.,DKE1700000111,1052 Budapest 05. ker. Deák tér metróállomás felszíni csarnok,2013.07.01,2033.06.30,,
Szondi Trafik Bt.,DKE1600000244,1063 Budapest 06. ker. Izabella utca 81.,2013.07.01,2033.06.30,47.5101505,19.0641554
Sztanó és Társa Bt.,DKE1600000128,1088 Budapest 08. ker. Rákóczi út 1-3.,2013.07.01,2033.06.30,47.4941044,19.0608909
Sztanó és Társa Bt.,DKE1600000159,1067 Budapest 06. ker. Hunyadi tér 2.,2013.07.01,2033.06.30,47.5056379,19.066108
Szulimán Tobacco Bt,DKE1600000149,1073 Budapest 07. ker. Dob utca 66.,2013.07.01,2033.06.30,47.50233,19.0675261
Szulimán Tobacco Bt,DKE1600000258,"1146 Budapest, Kacsóh Pongrác út 9-23.",2023.02.17,2033.06.30,47.5198991,19.091354
Szulimán Tobacco Bt,DKE1700000128,1136 Budapest 13. ker. Hollán Ernő utca 4.,2013.07.01,2033.06.30,47.5134291,19.0493698
Tabac 4 You Bt.,DKE1700000160,"1034 Budapest, Szentlélek tér 3.",2021.11.22,2033.06.30,47.5404036,19.0453618
Tabac 4 You Bt.,DKE1700000115,"1033 Budapest, Szentendrei út 95.",2022.08.17,2033.06.30,47.5575912,19.0464803
Tabac and More Bt.,DKE1600000229,1075 Budapest 07. ker. Károly körút 21.,2013.07.01,2033.06.30,47.4974471,19.0561503
Tabak 17 Hungary Bt,DKE1600000111,1173 Budapest 17. ker. Kaszáló utca 47.,2013.07.01,2033.06.30,47.481151,19.255627
Tabak 17 Hungary Bt.,DKE1600000113,"1173 Budapest, Pesti út 169.",2026.07.10,2033.06.30,47.4755481,19.2658512
Tabák Bt,DKE1700000063,1131 Budapest 13. ker. Váci út 141-143.,2013.07.01,2033.06.30,47.5493358,19.0734595
Tabák Bt,DKE1700000072,1138 Budapest 13. ker. Váci út 178.,2013.07.01,2033.06.30,47.5491218,19.0726388
Tabak Via Hungary Bt,DKE1010000323,1181 Budapest 18. ker. Baross utca 50.,2014.10.09,2034.09.23,47.4382723,19.1718185
Tájpex Tabak Bt,DKE1010000245,1195 Budapest 19. ker. Üllői út 248,2013.07.01,2033.06.30,47.45517,19.15263
Tájpex Tabak Bt,DKE1600000203,"1171 Budapest, Kispajtás utca 1.",2022.05.03,2033.06.30,47.4718861,19.2843351
Tajti Trafik Bt.,DKE1600000006,"1103 Budapest, Gergely utca 38.",2022.12.15,2033.06.30,47.477266,19.1390231
Tajti Zoltán,DKE1600000053,"1103 Budapest, Gyömrői út 48.",2025.10.01,2033.06.30,47.4605807,19.1699126
Tálas Trafik Bt,DKE1010000022,1181 Budapest 18. ker. Margó Tivadar utca 9.,2013.07.01,2033.06.30,47.4465974,19.1679389
Tálas Trafik Bt,DKE1600000036,1083 Budapest 08. ker. Illés utca 22.,2013.07.01,2033.06.30,47.4860097,19.0854003
Tálas Trafik Bt.,DKE1010000078,"1194 Budapest, Hofherr Albert utca 42.",2024.11.20,2033.06.30,47.4372615,19.1450491
Talent Service Betéti Társaság,DKE1600000323,"1173 Budapest, Pesti út 2.",2023.01.16,2034.08.31,47.4855536,19.2250458
Táltos Hungary 2000 Bt,DKE1600000238,1154 Budapest 15. ker. Széchenyi utca 2.,2013.07.01,2033.06.30,47.4603871,19.1367029
Tanács Istvánné,DKE1700000053,1046 Budapest 04. ker. Szent Imre utca 1.,2013.07.01,2033.06.30,47.5667342,19.0974547
Tason Cigarette Bt,DKE1600000215,1072 Budapest 07. ker. Rákóczi út 6.,2013.07.01,2033.06.30,47.4950798,19.0611428
Tason Cigarette Bt,DKE1600000240,1071 Budapest 07. ker. Wesselényi utca 2.,2013.07.01,2033.06.30,47.4961317,19.0597987
Tason Cigarette Bt,DKE1600000271,1082 Budapest 08. ker. Baross utca 96. fsz. 4.,2013.07.01,2033.06.30,47.4893507,19.0786054
Természetes Hang Bt,DKE1010000129,1188 Budapest 18. ker. Nagykőrösi út 5/B.,2013.07.01,2033.06.30,47.4123999,19.1748003
Természetes Hang Bt,DKE1010000131,1183 Budapest 18. ker. Nefelejcs utca 89/A,2013.07.01,2033.06.30,47.4471883,19.1907155
Természetes Hang Bt,DKE1010000133,1184 Budapest 18. ker. Üllői út 440-442.,2013.07.01,2033.06.30,47.4404538,19.1856359
Természetes Hang Bt,DKE1010000135,1186 Budapest 18. ker. Goroszló utca 4.,2013.07.01,2033.06.30,47.430282,19.1746191
Természetes Hang Bt,DKE1010000136,1186 Budapest 18. ker. Méta   156140/16,2013.07.01,2033.06.30,47.4264919,19.161476
Ternes Ágnes,DKE1600000106,1106 Budapest 10. ker. Maglódi út 17.,2013.07.01,2033.06.30,47.4859148,19.1534022
The Tobacconist Bt,DKE1700000030,1024 Budapest 02. ker. Lövőház utca 17.,2013.07.01,2033.06.30,47.5097722,19.0250494
The Tobacconist Bt,DKE1700000125,1027 Budapest 02. ker. Csalogány utca 53,2013.07.01,2033.06.30,47.5083203,19.0285727
Tibaco Gold Bt,DKE1010000065,1191 Budapest 19. ker. József Attila utca 57-63.,2013.07.01,2033.06.30,47.4558766,19.1422951
Tinadri Bt,DKE1600000201,"1148 Budapest, Fogarasi utca 18.",2023.03.07,2033.06.30,47.4038975,19.0850284
Tinadri Bt,DKE1700000116,"1048 Budapest, Óceánárok utca 5.",2023.03.07,2033.06.30,47.57908,19.11458
Tisza Trafik Bt,DKE5110000041,6723 Szeged Budapesti körút 1.,2013.07.01,2033.06.30,46.267224,20.1677717
Tobacco Heaven Bt,DKE1600000255,"1062 Budapest, Andrássy út 84.",2022.07.15,2033.06.30,47.5090376,19.0684859
Tobacco Leaves Bt,DKE1600000283,1061 Budapest 06. ker. Anker köz 1-3.,2013.07.01,2033.06.30,47.4980823,19.0550881
Tobacco Leaves Bt,DKE1600000287,1165 Budapest 16. ker. Jókai Mór utca 2.,2013.07.01,2033.06.30,47.5105724,19.1909321
Tobacco Leaves Bt,DKE1600000291,1157 Budapest 15. ker. Legénybíró utca 2.,2013.07.01,2033.06.30,47.5405736,19.1417147
Tobacco Shop Bt,DKE1600000061,1061 Budapest 06. ker. Király   28.,2013.07.01,2033.06.30,47.499939,19.0590654
Tobacco World Bt,DKE1700000158,"1138 Budapest, Váci út 134/C.",2023.10.27,2033.06.30,47.5350365,19.0674119
Tobacco World Bt.,DKE1700000157,"1137 Budapest, Szent István körút 12.",2024.01.05,2033.06.30,47.5127135,19.0508724
Tobacconist Trade Bt,DKE1010000279,1118 Budapest 11. ker. Budaörsi út 115.,2013.07.01,2033.06.30,47.4673564,19.0163548
Tobacconist Trade Bt,DKE1600000292,1071 Budapest 07. ker. Damjanich utca 32.,2013.07.01,2033.06.30,47.5078954,19.0783952
Tobacconist Trade Bt,DKE1600000294,1146 Budapest 14. ker. Thököly utca 151/c.,2013.07.01,2033.06.30,47.5218259,19.1486506
Tobakko Magyar Dohány Bt,DKE1600000074,1162 Budapest 16. ker. Budapesti út 119/D,2013.07.01,2033.06.30,47.5228027,19.1855988
Tobakko Magyar Dohány Bt,DKE1600000104,1162 Budapest 16. ker. Szlovák út 82.,2013.07.01,2033.06.30,47.5335929,19.1845708
Tomore Trafik bt,DKE1010000214,1111 Budapest 11. ker. Móricz Zsigmond körtér 2,2013.07.01,2033.06.30,47.4781101,19.0475704
Tomore Trafik bt,DKE1010000264,1111 Budapest 11. ker. Karinthy Frigyes út 4/6,2013.07.01,2033.06.30,47.4777605,19.0488838
Tomore Trafik bt,DKE1010000291,1115 Budapest 11. ker. Etele tér 5.,2013.07.01,2033.06.30,47.4656931,19.0229056
Törőpex Dohány Bt,DKE1010000292,1191 Budapest 19. ker. M3 metróvonal Kőbánya-Kispest állomás,2013.07.01,2033.06.30,,
Törőpex Dohány Bt,DKE1700000188,1042 Budapest 04. ker. Rózsa utca Munkásotthon utca sarok,2013.07.01,2033.06.30,,
Tótász Pipa Bt,DKE1600000259,"1077 Budapest, Bethlen Gábor utca 8.",2022.11.30,2033.06.30,47.5016576,19.0809748
Tóth Ágnes,DKE1600000068,1084 Budapest 08. ker. József körút 48.,2013.07.01,2033.06.30,47.4900255,19.0711182
Touluol Bt,DKE1700000100,1131 Budapest 13. ker. Szent László utca 152.,2013.07.01,2033.06.30,47.4223777,19.1250795
Traficum Bt,DKE5110000191,"6723 Szeged, Budapesti körút 38.",2022.07.13,2033.06.30,46.2728915,20.1603547
Trafik 4 You Bt.,DKE1700000021,1043 Budapest 04. ker. Berda József utca 50-54.,2013.07.01,2033.06.30,47.5562054,19.0852511
Trafik 4 You Bt.,DKE1700000022,1047 Budapest 04. ker. Attila utca 12-18. A épület fszt. 4.,2013.07.01,2033.06.30,47.5729124,19.0947174
Trafik Akumal Bt.,DKE1600000302,"1142 Budapest, Erzsébet királyné útja 60. B. ép.",2024.02.02,2033.06.30,47.5327393,19.1107884
Trafik Akumal Bt.,DKE1600000325,"1143 Budapest, Ilka utca 25.",2024.02.02,2033.06.30,47.5081994,19.0984849
Trafik Akumal Bt.,DKE1600000326,1142 Budapest 14. ker. Nagy Lajos Király 82/B,2016.04.22,2033.06.30,47.5119623,19.1244021
Trafik Holding Bt.,DKE1010000188,"1191 Budapest, Határ út M3 metrómegálló 150. üzlet",2026.07.22,2033.06.30,,
Trafik Holding Bt.,DKE1700000092,"1039 Budapest, Rákóczi utca 36.",2022.01.14,2033.06.30,47.5812271,19.0499247
Trafik Trend Bt,DKE1010000036,1096 Budapest 09. ker. Viola utca 35. 8/B.,2013.07.01,2033.06.30,47.4816326,19.0761885
Trafik Trend Bt.,DKE1010000040,"1195 Budapest, Városház tér 6.",2026.01.12,2033.06.30,47.4273877,19.0400622
Trafik Város Bt,DKE1010000295,"1097 Budapest, 38236/202. hrsz.",2025.03.27,2033.06.30,47.4978789,19.0402383
Trafik Város Bt,DKE1010000305,1098 Budapest 09. ker. Napfény utca 2.,2013.07.01,2033.06.30,47.4633741,19.1153395
Trafik Város Bt,DKE1010000306,1097 Budapest 09. ker. Mester utca 22.,2013.07.01,2033.06.30,47.4806769,19.070761
TRAFIK VÁROS Bt.,DKE1010000315,"1097 Budapest, Illatos út 1.",2022.02.02,2033.06.30,47.4550324,19.1010363
Trafik-System Dél Bt.,DKE1600000301,"1064 Budapest, Vörösmarty utca 63.",2023.02.17,2033.06.30,47.5097218,19.0630381
Trafikál Trade Bt,DKE1010000224,1113 Budapest 11. ker. Karolina út 37/a,2013.07.01,2033.06.30,47.4779559,19.031664
Trafikál Trade Bt,DKE1600000218,1106 Budapest 10. ker. Kerepesi   73.,2013.07.01,2033.06.30,47.50469,19.15082
Trafikárium Bt.,DKE1010000241,"1117 Budapest, Hengermalom út 16.",2025.10.01,2033.06.30,47.4620357,19.0472123
Trafikárium Bt.,DKE1010000256,"1116 Budapest, XI.ker 43903/2/A/28. címképzés alatt",2023.01.23,2033.06.30,47.5093347,19.0378502
Trafikárium Bt.,DKE1010000278,"1119 Budapest, Etele út 32.",2023.01.23,2033.06.30,47.4629616,19.0357019
Trafikárium Bt.,DKE1700000159,"1032 Budapest, Kiscelli utca 2.",2023.01.23,2033.06.30,47.5389186,19.0390974
Trafikárium Tabak Bt.,DKE1010000226,1212 Budapest 21. ker. Szebeni utca 2.,2013.07.01,2033.06.30,47.4203202,19.0735118
Trafikárium Tabak Bt.,DKE1010000281,"1185 Budapest, BUD
 Nemzetközi Repülőtér T 2 A
 1.106 üzlet (érkezési szint)",2024.07.13,2033.06.30,,
Trafikárium Tabak Bt.,DKE1700000101,1048 Budapest 04. ker. Megyeri út 205. C ép.,2013.07.01,2033.06.30,47.5939294,19.1136692
Trafikmax Bt.,DKE1700000113,"1039 Budapest, Csobánka tér 3.",2021.11.29,2033.06.30,47.59879,19.05222
Trafikmax Bt.,DKE1700000114,"1033 Budapest, Zab utca 10.",2026.08.17,2033.06.30,47.5537621,19.0415155
Trafikon Tobacco Bt.,DKE1010000137,1092 Budapest 09. ker. Bakáts tér 2.,2013.07.01,2033.06.30,47.4827489,19.0660808
Trafikoord Sales Bt.,DKE1600000188,"1082 Budapest, Baross utca 70-72.",2022.06.10,2033.06.30,47.4897054,19.0764143
Trafikoord Sales Bt.,DKE1600000190,"1076 Budapest, Garay tér 3-4.",2022.06.10,2033.06.30,47.503821,19.084932
Trio M3 Kereskedelmi Bt,DKE1600000317,1171 Budapest 17. ker. Péceli út 147.,2014.10.15,2034.08.26,47.4915674,19.2957259
Triola-Trafik Bt,DKE1600000046,1154 Budapest 15. ker. Bezerédi Pál utca 136.,2013.07.01,2033.06.30,,
Tsmith Dohány Bt,DKE1700000241,"1138 Budapest, Váci út 165.",2023.04.12,2033.06.30,47.551185,19.0745154
Tubak Trafik Bt,DKE1600000059,1163 Budapest 16. ker. Veres Péter utca 15/c.,2013.07.01,2033.06.30,47.5135015,19.1994922
Tündi Trafik Bt.,DKE1010000219,"1117 Budapest, Völgycsillag utca 2.",2026.01.30,2033.06.30,47.4677956,19.0560959
Tündi Trafik Bt.,DKE1700000189,"1039 Budapest, Szentendrei út 251-253",2023.01.30,2033.06.30,47.5805435,19.0484034
Tűzsugár Bt.,DKE8310000027,3104 Salgótarján Budapesti út 6363 hrsz.,2013.07.01,2033.06.30,48.0644506,19.7825358
Ugra Szivar Bt.,DKE1600000278,"1144 Budapest, Szentmihályi út 23.",2022.09.22,2033.06.30,47.5091972,19.1492602
Unger-Dohány Bt.,DKE1600000180,"1072 Budapest, Akácfa utca 16.",2021.11.22,2033.06.30,47.4982375,19.067641
UPA Dohánybolt Bt,DKE1600000141,1174 Budapest 17. ker. Baross utca 2.,2013.07.01,2033.06.30,47.4678676,19.2442122
Urmily Dohány Bt,DKE1600000289,1077 Budapest 07. ker. Király utca 91.,2013.07.01,2033.06.30,47.5056337,19.0697456
USAYER Trafik Bt.,DKE1010000208,1117 Budapest 11. ker. Budafoki út 113.,2013.07.01,2033.06.30,47.4619522,19.0519852
USAYER Trafik Bt.,DKE1010000209,1116 Budapest 11. ker. Fehérvári út 118/A,2013.07.01,2033.06.30,47.4582753,19.0410356
Utry Zsanett Mónika,DKE1600000044,1103 Budapest 10. ker. Sibrik Miklós utca 23.,2013.07.01,2033.06.30,47.4684737,19.1557584
Uzoni Roland Tamás,DKE1600000142,"1104 Budapest, Sörgyár utca 75.",2023.03.23,2033.06.30,47.4788834,19.1588043
Uzoni Tamás,DKE1010000091,1118 Budapest 11. ker. Nagyszeben tér 2. Fsz.,2013.07.01,2033.06.30,47.4662268,19.0038315
Váradi András,DKE1600000210,1165 Budapest 16. ker. Újszász utca 45/B   G épület,2013.07.01,2033.06.30,47.5052033,19.1975464
Varázs Trafik Bt.,DKE1600000214,"1158 Budapest, Késmárk utca 7/B.",2025.09.28,2033.06.30,47.536683,19.1386541
Varnyú Csaba,DKE1600000084,"1086 Budapest, Karácsony Sándor utca 19. A. lph. fsz.",2023.11.10,2033.06.30,47.4909038,19.0848894
Vida János Lászlóné,DKE1700000036,1043 Budapest 04. ker. Nap   16.,2013.07.01,2033.06.30,47.5550075,19.0948337
Vida János Lászlóné,DKE1700000039,1039 Budapest 03. ker. Heltai Jenő tér 2.,2013.07.01,2033.06.30,47.5976203,19.0567728
Vident Tabak Bt.,DKE1010000216,1124 Budapest 12. ker. Kiss János altábornagy utca 50/a,2013.07.01,2033.06.30,47.4920489,19.0160993
Vident Tabak Bt.,DKE1010000246,1123 Budapest 12. ker. Alkotás utca 13.,2013.07.01,2033.06.30,47.498703,19.0236145
Vident Tabak Bt.,DKE1010000271,1184 Budapest 18. ker. Havanna utca 44,2013.07.01,2033.06.30,47.4394336,19.165275
Vident Tabak Bt.,DKE1010000285,1123 Budapest 12. ker. Alkotás utca 53.,2013.07.01,2033.06.30,47.4907769,19.0231462
Vident Tabak Bt.,DKE1010000286,1181 Budapest 18. ker. Csontváry utca 23.,2013.07.01,2033.06.30,47.4386006,19.1685653
Viktor Tobacco Bt.,DKE1010000097,"1213 Budapest, Szent István út 190/A.",2022.01.07,2033.06.30,47.4003606,19.0957691
Viktor Tobacco Bt.,DKE1010000117,1223 Budapest 22. ker. Közgazdász utca 4.,2013.07.01,2033.06.30,47.4087276,19.0157236
Vinos Trafik Bt.,DKE1010000157,1214 Budapest 21. ker. Nyírfa utca 27,2013.07.01,2033.06.30,47.4145306,19.0680135
Vinos Trafik Bt.,DKE1010000167,"1213 Budapest, Erdősor utca 133.",2013.08.15,2033.06.30,47.4085844,19.0730314
Virginia Dohány Bt,DKE1010000089,1221 Budapest 22. ker. Leányka utca 13.,2013.07.01,2033.06.30,47.4328549,19.0367418
Virginia Dohány Bt,DKE1010000116,1221 Budapest 22. ker. Arany János utca 55.,2013.07.01,2033.06.30,47.4296301,19.0205562
Virginia Tabak Bt.,DKE1010000320,1183 Budapest 18. ker. Balassa Bálint utca 2-10.,2013.07.04,2033.06.30,47.4427584,19.1842145
Vogt Trafik Bt,DKE1010000229,1201 Budapest 20. ker. Török Flóris utca 240.,2013.07.01,2033.06.30,47.4232608,19.1240783
Vogt Trafik Bt,DKE1010000230,1204 Budapest 20. ker. Orsolya utca 17.,2013.07.01,2033.06.30,47.428891,19.127252
Vogt Trafik Bt,DKE1010000231,1204 Budapest 20. ker. Tátra tér 1.,2013.07.01,2033.06.30,47.4413283,19.1130441
Vogt Trafik Bt,DKE1010000233,1204 Budapest 20. ker. Nagysándor József utca 59.,2013.07.01,2033.06.30,47.4357206,19.1094274
Völgy Tabak Shop Ker. Bt,DKE1010000084,1118 Budapest 11. ker. Gazdagréti tér 8.,2013.07.01,2033.06.30,47.4730483,18.9931073
VÖLGY TABAK-SHOP Bt.,DKE1010000113,"1122 Budapest, Krisztina körút 7.",2023.12.13,2033.06.30,47.5060471,19.0228311
Vsmith Tobacco Bt.,DKE1600000251,"1088 Budapest, Rákóczi út 25.",2019.03.27,2033.06.30,47.4953237,19.0657471
Vsmith Tobacco Bt.,DKE1700000163,1024 Budapest 02. ker. Margit körút 105.,2013.07.01,2033.06.30,47.5078221,19.0243111
Vsmith Tobacco Bt.,DKE1700000228,1024 Budapest 02. ker. Margit körút 50-52.,2013.07.01,2033.06.30,47.5107661,19.0319511
Vsmith Tobacco Bt.,DKE1700000233,1023 Budapest 02. ker. Frankel Leó   21-23.,2013.07.01,2033.06.30,47.5167244,19.0368039
Vudent Cigarette Bt.,DKE1010000250,1184 Budapest 18. ker. Üllői út 346.,2013.07.04,2033.06.30,47.4478721,19.1678536
Vudent Cigarette Bt.,DKE1010000253,1188 Budapest 18. ker. Alacskai út 3.,2013.07.05,2033.06.30,47.418921,19.2066091
Vudent Cigarette Bt.,DKE1010000270,"1181 Budapest, Gyömrői út 154444/2. Hrsz.",2023.10.26,2033.06.30,47.4579273,19.1760905
Vudent Cigarette Bt.,DKE1010000280,1188 Budapest 18. ker. Nagykőrösi út 73.,2013.07.04,2033.06.30,47.4123999,19.1748003
Vudent Cigarette Bt.,DKE1010000283,1124 Budapest 12. ker. Pagony utca 29.,2013.07.05,2033.06.30,47.4951926,19.0038117
We-Tassy Ker.Bt.,DKE1010000037,1192 Budapest 19. ker. Nádasdy utca 31.,2022.04.14,2033.06.30,47.4497258,19.1299713
Zácha Dohány Bt,DKE1010000200,1112 Budapest 11. ker. Budaörsi út 35.,2013.07.01,2033.06.30,47.4801762,19.0263819
Zácha Dohány Bt,DKE1010000268,1115 Budapest 11. ker. Kosztolányi Dezső tér 5.,2013.07.01,2033.06.30,47.4754473,19.0392981
Zácha Dohány Bt,DKE1010000299,1117 Budapest 11. ker. Október huszonharmadika utca 21. fsz.,2013.07.01,2033.06.30,47.4734715,19.0501977
Zácha Dohány Bt,DKE1600000223,1174 Budapest 17. ker. Kvasz András utca 27/C. 3.a,2013.07.01,2033.06.30,47.4707686,19.2282012
Zácha Dohány Bt,DKE1600000257,1173 Budapest 17. ker. Pesti út 16-18,2013.07.01,2033.06.30,47.4840545,19.2361843
Zália Dohány Bt,DKE1600000091,1073 Budapest 07. ker. Erzsébet körút 56.,2013.07.01,2033.06.30,47.5028969,19.0658309
Zália Dohány Bt,DKE1600000093,1064 Budapest 06. ker. Szondi utca 44/A,2013.07.01,2033.06.30,47.5114108,19.0657354
Zália Dohány Bt,DKE1600000096,1074 Budapest 07. ker. Király utca 67.,2013.07.01,2033.06.30,47.5036661,19.0664754
Zália Dohány Bt,DKE1600000097,1062 Budapest 06. ker. Oktogon tér 4.,2013.07.01,2033.06.30,47.505852,19.0635609
